ID,Target
ID_L7RNFK5JC9,0
ID_KUTY5K1G5F,0
ID_H6PJWKU831,1
ID_DNQXNVTXHE,1
ID_8CRTF1BJOD,0
ID_64UNYP0YRV,0
ID_95RLFN8W6P,1
ID_U9FLCVO4L7,0
ID_MNP4PY97YF,0
ID_LVPPC2KF9A,1
ID_HQ1ZN2PNUV,1
ID_5M8OEEAEGN,0
ID_LGSMO0LHZU,0
ID_03JBCD6R11,0
ID_LFCKD1ZAWN,0
ID_PI63Q7WWFJ,0
ID_5QVPEZS90M,0
ID_6M5NFOBR69,0
ID_3I3D85I2V9,0
ID_RGDP6HDWVT,0
ID_HCB28H4FSO,0
ID_NTX1NV8N3Q,0
ID_II6FBCZTLT,0
ID_3CNCD8D6G7,0
ID_OVTJTSU3ID,1
ID_QZU5T2QCA3,0
ID_02B4N8PCZF,0
ID_LKG843ONK7,0
ID_EJAXKLS8EA,0
ID_DBW0WDD5MJ,0
ID_44AQOOMAW3,1
ID_R2L7314HHL,1
ID_DEDH0YUL3W,0
ID_Y6H4C5FVJI,0
ID_ZOXXOHZXEW,1
ID_XMH7PWAVF5,0
ID_FS9GNE6QK6,1
ID_N0N789VJ2K,0
ID_8VCJ71LHTY,0
ID_6R3GP67KBG,1
ID_RCEVM497YR,0
ID_QQ9KM0QH83,0
ID_AV34GR0FQ7,0
ID_YRIAXWLVA2,1
ID_4CVDFMXBSU,1
ID_C7SXBU9U32,0
ID_DM2X61HMCX,0
ID_ZJMAVY6F1X,0
ID_8CIXK9QQX5,1
ID_ED4Z9MV3UM,1
ID_Z5DNOG8IGB,0
ID_FXHMHJHGWB,0
ID_6QBWA8NUEJ,0
ID_810ZMXC6UW,0
ID_Z59HJVRMF2,1
ID_CKM7QX3N63,0
ID_9BPN1NCFLC,0
ID_Q4OS392YJL,1
ID_T187OYBULF,1
ID_WW7LZILBC1,1
ID_6BW4KLRM54,0
ID_5BPRANL1WO,0
ID_9AWZGB4NJA,0
ID_HUNRB3IWK9,1
ID_BUSQI42CQJ,1
ID_14JZWY5JF5,0
ID_847SL4E5OU,0
ID_WGRTYR9K27,0
ID_KKTFB04673,1
ID_9YQXJC1C26,0
ID_74LYFXAX6P,1
ID_W8G5QH9ANM,0
ID_5IZN3L3F2O,0
ID_QVLNI7J1JR,1
ID_V3BZC2A4MT,1
ID_QAM1TGD3BN,0
ID_C2410AOKQ3,0
ID_L4LHGZZYAA,1
ID_64V3G1EM7K,0
ID_OP1SQL5U0W,0
ID_XOA26YDSHV,0
ID_EPNVVAQ1CS,0
ID_PHB09KG8SW,1
ID_XD7ERU2NE8,0
ID_UYI3CGBMV3,1
ID_3E66RBQWU0,0
ID_FDBXLRBPWH,0
ID_IUCRBF7Q1S,0
ID_2Y3IHN5DR4,1
ID_ZFMW4IVOWS,0
ID_O9N1XN25M9,0
ID_C1ZXCC65YX,0
ID_PJCRZR8ZB4,0
ID_0HZW8W4FK3,0
ID_004T66GVNP,0
ID_7CGIPUZR0P,0
ID_4BFBJ3IZTL,1
ID_A9APM2G6FE,0
ID_VXYBFYK9BT,0
ID_NAD4Y3BKEI,0
ID_Z60G7YIE47,0
ID_BD1S3NGWWD,0
ID_M59FP8Z20P,0
ID_A908A7I9QV,0
ID_GCJKHDSENI,0
ID_7Z14CB6GFH,1
ID_7UKG84AVHQ,0
ID_0CW7KZK3GW,0
ID_04R3DB2WWB,0
ID_668Z1SOGCD,0
ID_RZNCB2IMP8,0
ID_NL9A5C7SFS,0
ID_C87V0UZ40R,1
ID_26WHW3F7WQ,0
ID_MO2ODJFVIA,1
ID_UZUUGBTQNO,0
ID_4APM9F2AYI,0
ID_G5MTEV8YYK,0
ID_V3ECPS8IJJ,0
ID_HKDDE0DI2F,1
ID_5ZU1L8LDJ6,0
ID_NZL6J6FDIY,1
ID_SPSTYZGQWV,0
ID_OICF8M6EMP,0
ID_2OMOE48Q70,0
ID_FNALPKX464,0
ID_DDAP7T5HS4,0
ID_JQ83JX41ZR,1
ID_6D9NC3UJQP,0
ID_304VDABR4A,0
ID_0NAF9RAY6O,0
ID_ZT8MDOKFYD,0
ID_7FFOXKBELZ,0
ID_FH7WPT4G4L,0
ID_BS6BGSQ73N,1
ID_QABPQX1HUB,0
ID_BWMK7W6U4T,0
ID_8Z6SO9EUEQ,0
ID_GK7TOSQXH5,1
ID_ZIXM6MR3XJ,0
ID_J8WZ5DZ87P,1
ID_STST7AYNVO,1
ID_Y9G6MUWHQK,0
ID_2SNEJ2D4LA,0
ID_17NH7LYJFM,1
ID_KYG5E43G90,0
ID_QVAKSNHOON,0
ID_D95AAHGPC3,1
ID_07QTV0FBV7,0
ID_XCUZ2A2PWW,0
ID_CCTF1HGBIY,1
ID_1TEAUYRI76,1
ID_R2FN1J2EWV,1
ID_9XR1QNF9GM,1
ID_FAMX4Y7RZL,1
ID_BDGWOOIFDF,0
ID_AIXF58VQGL,1
ID_AAEY31JAP8,0
ID_25A2OV74AS,0
ID_8YT4ZBNPK0,0
ID_OVIWM88HK2,0
ID_0ZM3363LOY,0
ID_BEJ81BHXFC,0
ID_23UXHCK7XP,0
ID_IT5D10R53I,0
ID_SGVBQIW69Y,1
ID_6Z4H2G0G62,0
ID_25N8D097TN,1
ID_AYH38Q5KRU,0
ID_LJ3AFMNQAF,1
ID_TC73AFS7XY,0
ID_LCM4JMX9BC,0
ID_DQRG75SWIZ,0
ID_BWI78EKWQ6,1
ID_1GLF5TLRPJ,0
ID_TLKBMO0X1Z,0
ID_NWXY1ZG09O,0
ID_CSMX31D0D1,0
ID_YJWENAU8NL,0
ID_JX6A3JJ5HQ,0
ID_GH9A6Z69VO,1
ID_KV5UCHWTE8,0
ID_GWR4IATJU4,0
ID_WB18BP2PH8,0
ID_YOO9XJXA5C,1
ID_IO0L87SZQX,0
ID_PTKY7RIYDS,0
ID_PPXDYU8B41,0
ID_N3GNAYBMBJ,0
ID_BLDR937IYR,0
ID_CUK6ULYR8R,1
ID_FY2TMIP5UM,0
ID_Z3CK65SEU7,0
ID_3J38X51OGN,0
ID_T8M24CS2J2,1
ID_VC8VD22RGS,0
ID_TFS0EGQI6M,0
ID_YLAYTYBN6E,0
ID_VV51WDQZMN,0
ID_GT7C2RLBP8,0
ID_JY9E0SG4AM,0
ID_O529NBD67A,0
ID_T7YPBPIEPU,1
ID_FLCCQHSA7Y,0
ID_W7109EDDLC,0
ID_XBLNQB93NQ,0
ID_WPPSMR6N5X,0
ID_T6Z1W74OIU,0
ID_M98FGWPLZZ,1
ID_YUQTNVWAEU,1
ID_C9DP8FL9MA,0
ID_8JI9NLTP85,0
ID_SAT1L1L7LH,1
ID_4RQRV7XN3E,0
ID_ZYCPROLILK,1
ID_NQDQIQDU76,0
ID_422OSQCP0C,0
ID_8WI60SAD4M,0
ID_UUBLFHUVQT,0
ID_0Y2B1417AH,0
ID_OOBW23URTE,0
ID_1H2PHCDWLX,0
ID_9R70ZA7QNA,0
ID_NZFFMDW2FK,0
ID_B06DOJ4TS4,0
ID_4WGDJEPZLL,0
ID_WN9KXTKKMA,0
ID_8G73JSYY3W,0
ID_8SYAII6UR0,0
ID_XG1DJHJ7FJ,0
ID_IMWPJ5JVXB,0
ID_8DATH5ZNUL,0
ID_8BIZJ399S5,1
ID_VXQJX0AFKP,0
ID_XWRAYH9OI7,0
ID_MS2X564QCF,0
ID_GGLU0OVJG9,0
ID_VCP5RWJEHS,1
ID_QPPT7H5OFH,1
ID_M7RADI6BSP,0
ID_98N5CVBOKU,0
ID_AZUE5IDNT8,1
ID_ZBO22L1YOK,0
ID_ATPOML8CL9,0
ID_BK220UPCIU,1
ID_XIHYG3Q3AG,0
ID_YOEIA5H4PJ,1
ID_Q9IQPKJMFC,1
ID_W9L1WXRB86,0
ID_I3ZPBJL26Y,0
ID_VART069818,0
ID_01NI44JROX,1
ID_95ZDF8Q50I,0
ID_BNSSNMTUP2,1
ID_8G1V8H48J7,0
ID_RZ10YBPRW5,0
ID_HM813V1SHP,0
ID_LOM7Y6T5W4,0
ID_1BIXCQXG1D,1
ID_S9SJZP8OT8,0
ID_BZ80P63541,0
ID_GMFR7HERB7,1
ID_06TGN24ZLS,0
ID_KJQVDD1GP0,0
ID_S6ZQ9IAK9O,0
ID_JPHAEX7K23,0
ID_RYOVA5UUQM,0
ID_FLMJPL5NDV,1
ID_5CDMUM2RD1,0
ID_8BHQRPMTCM,1
ID_PKBN9W35VF,0
ID_DGF3SQDWRW,0
ID_EOGOBNE6IS,1
ID_LNHWNPAZUP,1
ID_Y01W7WFKRH,1
ID_MAKL0LOP8Z,0
ID_BJ5EA4W4D4,0
ID_PF6VIKKS0F,0
ID_5IJ93SBO5G,0
ID_W1OZV1URBG,0
ID_J5EXUO0TFR,0
ID_IC4TA94SMW,1
ID_JOFBX5CX4L,1
ID_NTJCWYBA1H,0
ID_FFYF4BORBF,0
ID_HN2JJSOT7F,1
ID_WZD6G3PQJ7,0
ID_8UL1VBI8EE,0
ID_L2AZHWN1O0,1
ID_JJPSOVIWN7,1
ID_CQ4VTEY9M5,0
ID_CTS9TYPJ23,1
ID_ZFF3KTTI5E,0
ID_G62205WSUX,0
ID_SUSLMTDLV8,0
ID_CEHKQA798I,0
ID_DSOB1JSK61,1
ID_QKOZAEIKZZ,0
ID_V6OAU2DKHY,0
ID_1NHURHWZDH,1
ID_KR9EZMXNIN,0
ID_S4T86N7C21,1
ID_G7VED28ESN,0
ID_H7CR4BSMNS,0
ID_TZBJSR5RZZ,0
ID_2J7MGO5MB0,0
ID_AMRL3OV0FX,1
ID_ZW2229LSA5,0
ID_XIPV6SE9P2,0
ID_PIFPAQW8KM,0
ID_3YXASH3IZ2,0
ID_81SVGQ790L,1
ID_GXPNCZ45VO,1
ID_O6900UGYR7,1
ID_GL7MAST7JI,0
ID_D00KBLKTNB,0
ID_FSPT1U4FUT,0
ID_4S5XW0J2ML,0
ID_ZXS0T2F5D9,0
ID_5BA25Q14XN,0
ID_5AWDXFU8M3,0
ID_EF2LRLAD89,0
ID_54Z7IRH3FU,1
ID_H86F3CCUKI,0
ID_B7FQWBAGEI,0
ID_6E3LXPS4UD,0
ID_36NKXDRMLM,0
ID_H8YVS928UV,0
ID_WIJAPBXZMD,0
ID_09L75OIRAO,0
ID_MTRIOCSGPQ,0
ID_OCSCWDN8CY,0
ID_Q30RB0WDJS,0
ID_KF29TRVEJP,1
ID_8TY2Q5XWM2,0
ID_VOUV8BC3GQ,1
ID_YC3ZK4OFLV,0
ID_RHYFPH7I44,1
ID_X33VZRZD4G,0
ID_5CA4LIYC0F,1
ID_K4V0SU2OUO,0
ID_PTJD12VBBU,0
ID_SZQHGJ63DH,1
ID_FS90IBXPM4,1
ID_MQ87CYISEB,0
ID_PQX7ZX5TQX,0
ID_YZB8PYR3HZ,0
ID_9L899I0HW8,0
ID_TVY59KSKJJ,0
ID_79PENVE7JT,0
ID_DW11SC04CA,0
ID_JJU8F2T9US,1
ID_DNXPB6WA0B,0
ID_21N0VTHWGO,0
ID_9TGZIV5J78,0
ID_UDTNC9B06F,0
ID_LRJEDN1GEL,0
ID_JSRBGVCQKE,1
ID_7MDQ2TA3P1,0
ID_6COG7AMYY4,0
ID_RX0NA5F9PU,0
ID_2GR9AMQV2Q,0
ID_ET0F78CQJ2,0
ID_NW4PD5ABI1,1
ID_EVXVD82SGK,1
ID_7ZMDW2UA7C,0
ID_J01L4G2V2K,0
ID_2XJQ1XNY55,0
ID_X694CDRM5F,0
ID_VVV2278RBB,0
ID_5KK9AH5W0R,0
ID_PFMIFA5ZVZ,0
ID_BQSQURG78E,1
ID_WZPKVD29IH,1
ID_7ONQW4ZILP,1
ID_7TY0L1NKDS,0
ID_X5VIEV7Y7O,0
ID_32835RI7Y3,0
ID_MEKM6760FT,0
ID_0WP7ZV0EBV,1
ID_8KCBCG5O3V,0
ID_3RREDWGUJW,0
ID_W53QK2P6DQ,0
ID_EU08UG06FM,1
ID_P8KQT702DN,1
ID_Y8WNT6WVBJ,0
ID_FJ857PBY8Z,0
ID_7YUCEKTAND,0
ID_Q3HCAE0LGT,0
ID_9KU2WUH5F0,0
ID_RBLPGJPVQB,1
ID_7JJ1B44YK9,0
ID_TKSPIAUVQG,0
ID_CNB0EQMEYQ,1
ID_GWU1UQNP2W,1
ID_GDPWCHP8A9,0
ID_SPBV3FJZY5,1
ID_7YFS5T5SXT,0
ID_11FMA8FK3B,0
ID_DL4RSANF3J,0
ID_9394GDHOE0,0
ID_IDWQH246Z3,0
ID_062TBZPZL0,0
ID_YQ8Q49V8NS,1
ID_Z6WRCD8SR3,0
ID_K9S6D8Q098,0
ID_R5G71KP3JD,1
ID_W3ZIZBQ0L9,1
ID_DJ8B3GLPPM,0
ID_XNL3BVE50J,0
ID_HDTKHU1B3G,0
ID_BF00R0L2TJ,0
ID_WTZRC0QEYK,0
ID_FEMCAEOUDB,0
ID_B08ZU023EY,0
ID_QGNVYUSIWN,0
ID_3EVBL5HXC7,0
ID_C0B5AMTBO6,1
ID_PFFOCERJ0X,1
ID_7TV7G63RGM,1
ID_LFXUBTSWKY,0
ID_XELOWU5QER,1
ID_L3GX8GBVSY,0
ID_R5MVHMTTMZ,1
ID_RNRBP8AJDL,0
ID_TFSU2CPS7P,0
ID_SF5C0ZY29V,0
ID_6W575XR68B,0
ID_UDMRA4IBF9,0
ID_V9FFELXPJ8,1
ID_FQBP7Z1IVJ,1
ID_R2Y0CMEZG7,0
ID_XDJ1OM41AB,0
ID_UVLICTWM8U,1
ID_KW7908ATUL,0
ID_ROU496EGX4,0
ID_FSF1FRWL5M,0
ID_CV1TLVLLHG,0
ID_XHWTIZXE3A,0
ID_ZLEFJVZ63H,0
ID_IBPCUXQ588,0
ID_81VDGGMN5A,0
ID_EQNX32639Q,0
ID_VMW20M8ZEN,0
ID_8UAT1LNJ1Y,0
ID_JZW5JN71W1,0
ID_NIW5FC0EIP,0
ID_QM55ZPCPS5,0
ID_I12OEGE1C0,1
ID_UFRDONJPCS,0
ID_NII31BKSCS,0
ID_KY9B5Y2YE6,0
ID_8U887LAHMU,0
ID_AGK3QH5F2W,0
ID_KVN5YRA8XR,1
ID_UH1KOMM5KK,0
ID_LKTVVJB79D,0
ID_NESJH7KT53,0
ID_S72EL3R16J,1
ID_QNIYZU4QV8,1
ID_HH930YQHMN,0
ID_P7H56GZER2,0
ID_R3YVKTU7E5,1
ID_MXV709X7A3,0
ID_LJK3I94FG1,1
ID_KQHM0Y2RTQ,1
ID_TSDHQDAPJF,0
ID_GF5NYF9P9I,0
ID_REDDO42OC8,0
ID_UOEQIDP4JV,0
ID_1B3IGXIZXN,0
ID_JINRRPS3OR,0
ID_8HN6QL2QWL,0
ID_0IYV4WX7I4,0
ID_TS52UYJURI,1
ID_BIM17D7Z8D,0
ID_AJ85DH8O8Y,0
ID_CKLEUD6GVQ,1
ID_TNEB99CQ36,0
ID_JC258H0VF9,0
ID_RT8AD7AH0J,0
ID_D9TAEY9HMB,0
ID_9JS4PERHMQ,0
ID_LF8O697QCF,1
ID_Z3FLCNS4BI,1
ID_ISLGDEW689,1
ID_N3F55WATI5,0
ID_5C7GVK0M6P,0
ID_1TFFRTDY2G,0
ID_JJHH55F0XP,0
ID_AFGP97PSLM,0
ID_RENASX2LH8,0
ID_25KBMDYJR2,1
ID_QM8UEFONFY,0
ID_C4FGIY0V5L,0
ID_EDR8OVB1UX,0
ID_4H9BOYRO3I,0
ID_NMIVWMQ8PS,1
ID_YYBQZ20GUR,0
ID_UFJB5JPN9I,0
ID_K1B8QDVMYS,1
ID_EFEEC8MNYD,0
ID_ZRSHFEPB86,0
ID_AJLGODUTYM,0
ID_NN9V10ANW5,0
ID_90H2SGM8DM,0
ID_NSNI690LOM,0
ID_J99PVKNQTM,1
ID_1O1M0BHQ1T,0
ID_1NDXX8H8HB,0
ID_0Q12DCAUWN,1
ID_54X2H8AIZT,1
ID_PM2KPTI672,0
ID_3WNPQSUNQ2,0
ID_6M6KB6MD2O,0
ID_HAX3FOQL81,1
ID_TM9XOJ4B68,0
ID_MVMSKQDHJE,0
ID_VASCHZWA8A,0
ID_L3EGJ12QXH,0
ID_J6DWRYO66S,0
ID_FO4N90NTQ6,0
ID_5WS8P00IYV,0
ID_6WGUA6DEXU,1
ID_IJL7BZNI3L,0
ID_YU6LXK1RGE,1
ID_4THJV3QG9I,1
ID_1EEIAR3NCQ,0
ID_2PJM1RUDGV,1
ID_IDOTWRNYF9,0
ID_WD97RXBD6U,1
ID_37S5ETK7JJ,0
ID_QJ9HXJSO4E,0
ID_2KS2GXPV7H,0
ID_3LPX0EECP3,0
ID_XH0PU3JNVI,0
ID_CWL2RAUKYX,0
ID_TVQ41GA05E,1
ID_L4JZTC3C5J,1
ID_AAI6IEPUKO,0
ID_SWWVGZW64N,0
ID_1VUQKKX531,1
ID_5C03MSAD8Q,1
ID_VDXSC40Y7Z,0
ID_VUDC8HIEPV,1
ID_KURGJ4AR12,0
ID_PDHZM9QN1Q,0
ID_PANX3H4EN4,0
ID_XAOCHHE9YT,0
ID_ENSLUKO15H,0
ID_26D0TEHS6Y,0
ID_K451P4MF5Q,0
ID_NIB4MT2BY2,1
ID_XZ3LTTMU23,1
ID_L68I2G764H,0
ID_RN4DADGV1Q,0
ID_SR3HDEU148,0
ID_SJTE5XCFB5,0
ID_G7XX5OU2WQ,0
ID_KRB7CYPY9W,1
ID_0E59VCIQQG,0
ID_AKPBVT0GO3,1
ID_3G55QSVQ9Z,0
ID_XL6ZB88Q1G,0
ID_B19RH65C2H,0
ID_Z7JJLWQ8ZP,0
ID_UBSL1VIAAJ,0
ID_31JO4D5PNU,1
ID_2UWNMH6E0I,0
ID_U4WA07FTOR,0
ID_T15X66H475,1
ID_FQKRIFG94A,0
ID_J7HHO01FKO,0
ID_6V0FBJ2HYI,0
ID_05NLOE4HT6,1
ID_6MPMAKC9C2,1
ID_FUHIHRLKFB,0
ID_FMDYUCJ714,0
ID_UPBHOBJ51J,0
ID_N7YY4H199K,0
ID_V7MPIETWBI,0
ID_O5RCLYPARC,0
ID_2NIKZPWYNH,1
ID_VDZAUGV3VW,0
ID_TYR6C9UGY9,0
ID_2HBY98IP2C,0
ID_YOVW5GFR8F,1
ID_K9E0P39P5D,0
ID_H4G258MLPK,0
ID_O4AYLACSP1,0
ID_7LC0IQMOC2,0
ID_9561E15EF5,0
ID_TRBI2P2ZUV,0
ID_8QT2UV84NQ,0
ID_64QCDXNWUP,0
ID_DDTRNAENP0,1
ID_8UBQ8UDN4A,1
ID_Z5O1GV0CGW,0
ID_FV5U3S2JBV,0
ID_8L6XK5ZJJY,0
ID_MF7BW6WQNJ,1
ID_KN3S2SWARM,0
ID_3U5PL44API,0
ID_00WKPK401X,0
ID_37H1FP5I1L,0
ID_B65PSFEO3H,0
ID_KPK3H8DFNU,1
ID_HS0KNGRF41,1
ID_QDNKFRV569,0
ID_R82YU1P2KJ,1
ID_SMAH2Z68L7,0
ID_1TMLDXSHWY,0
ID_QV2SBTPN3Q,0
ID_UU9F6RW89Q,1
ID_Z9TKBJ5LZT,1
ID_VAJ1091GHR,0
ID_F80T1X6ZDH,0
ID_DQ1T811R6F,0
ID_3XPC1PI4II,1
ID_EXALEGYKO1,0
ID_ZSCJ6EUZK3,1
ID_JPGKH37C32,0
ID_EBOBM42NQO,1
ID_5V2DX67LQH,0
ID_QZF8B6WZ9O,0
ID_0SPPH1R09L,0
ID_6GJ5OAC22Q,0
ID_EO3ND51QK1,0
ID_4NGJFDTAWV,0
ID_NXJ155DCSX,0
ID_2TP1YZKKT5,1
ID_W5E98RA7VK,0
ID_IPQ45CJK4H,0
ID_SHLDTAFRIO,0
ID_T377BRRIYQ,0
ID_2YZ5JYG4XB,0
ID_CQ1PIEPP9N,0
ID_V44N02QK40,0
ID_M5W4LF8KVD,0
ID_B2V1XSGB4Q,1
ID_COYRUR0DKR,1
ID_I9W5LR4QDO,0
ID_T4RHBZXAZT,0
ID_EU7WMZR9B0,0
ID_6N5R49ZNI2,0
ID_UXJR1IS5CE,0
ID_JTWHS1BAHC,0
ID_VBSKMTJQMN,0
ID_HF2VW8E28A,0
ID_0H74ZMTSH9,0
ID_IQGI2SXISN,0
ID_T3599Q3KQ6,1
ID_OZCE8KZHSB,0
ID_EILEOMUBHZ,0
ID_CZJUQ9AKZ1,1
ID_2VIJ875ADP,1
ID_8VWC1Y5T4M,1
ID_FJIA5EC207,1
ID_P3Y5GII18X,0
ID_CKFDBL2SIR,1
ID_XKRNNM450P,1
ID_AEYPSEIX2A,1
ID_X2N97CCDEH,0
ID_4OFHT38D7Z,0
ID_8WCBFN17IK,1
ID_UGEFFO858S,0
ID_ZO9S3OWV40,0
ID_D25DWXH0C9,0
ID_R5FDIB0OC1,0
ID_IHHE1PM77U,1
ID_AK79OFLL6H,0
ID_BMROWFU425,0
ID_JLZPPN151W,1
ID_572SG39RIJ,0
ID_46V1BOFBUL,0
ID_EI9KNGS78G,1
ID_KRZIXD04K5,0
ID_9KNJFDOACZ,0
ID_3FF10N77YS,1
ID_Q835U4D7BN,0
ID_GTTDMCX10K,1
ID_851SD7P48J,0
ID_NTYHS39MAR,0
ID_92UAPBIXIK,0
ID_DSUGQT4KSL,0
ID_0L7QNP2IVW,0
ID_QNQ4AXUY2Y,0
ID_HA4LRFMWAB,0
ID_RM7LM63JRL,1
ID_7XJ1SE0OWF,0
ID_T8HBN1L5BJ,1
ID_UKR5IW6ZGE,1
ID_THHU980H63,0
ID_YMCO4FN9GX,1
ID_RRBAUZV0YC,0
ID_XKXG62RT00,1
ID_KGJIE46KM5,0
ID_0EBIE73FGL,0
ID_7U2OP3I034,1
ID_PC4XG2VKDN,0
ID_QSCERX215Z,0
ID_IMQO7RL0DF,0
ID_F1ENQM82WC,1
ID_IG1VM02T40,0
ID_S31M90PNJY,0
ID_NX8FM0P7EN,0
ID_TJGC04RR2A,0
ID_75HDDCEO6G,0
ID_FVQD8SSHEI,0
ID_TZJALJEO8L,1
ID_8DSODH0M3T,0
ID_RG1JCOOB8M,1
ID_BZCITMYZOH,0
ID_M8COV50TMJ,0
ID_6OBN4BSTLN,1
ID_FZIDE6VO5Q,0
ID_YPQIX5VGRE,0
ID_PT2R4IPF4T,0
ID_HCASCIZ7HU,0
ID_BBNPTIJK8M,0
ID_VDD1MW9GJF,0
ID_9BL7RO2RJJ,0
ID_VT70XDP57T,0
ID_25OG7NDESQ,0
ID_Q6SOMPNALJ,0
ID_RGVB6P8GJ5,1
ID_MDD4K6RYGC,0
ID_HBOR22DHJ8,0
ID_V3I53I9LEW,0
ID_J1ZQS78C08,0
ID_SK9HEXSLLZ,0
ID_45ZFUX4ZUO,0
ID_QCRB3YPU94,0
ID_MMO9GRGIJ8,0
ID_D644B3HASZ,0
ID_14I21MZB8Q,0
ID_MTBKTNNZLS,1
ID_4ZEOJDVHEL,0
ID_EL2B7JWJKB,0
ID_GTS9LZ6WF3,0
ID_K8WH7GRGAL,0
ID_ZKVNBPW8U2,0
ID_GZ11G7OJ9J,1
ID_9FH5TIYULF,1
ID_8PL5GIV7ZE,0
ID_U1PBH4LY2M,0
ID_6IJF6KZJLH,1
ID_RPUFVXKDM0,0
ID_QT3VS1PPXM,0
ID_LB6H9IZUI0,0
ID_O81LDDH822,0
ID_329NLIWSVT,0
ID_RWB4W06CWG,0
ID_9ERLWH0SN3,0
ID_MMVW7JKQMU,0
ID_77IX1EEDBC,0
ID_OIDJOSMIGV,0
ID_WDTXDDF2HY,0
ID_W4OO9Y94V9,0
ID_19MTU7N8WV,0
ID_VHEN2V33TX,1
ID_ZB04IU4N6Q,0
ID_IPXVD9CS02,0
ID_PIQ4ZVCGLH,1
ID_D4NPF5F86K,0
ID_K0N9W9NKHE,0
ID_ZBHQGUVDYW,1
ID_VGVRW4YKBQ,0
ID_SE3U9W63DE,1
ID_OV9BLZ5XB8,0
ID_P6URR0UMBG,0
ID_6XLL3KXZ1H,1
ID_MJ827SG1ED,0
ID_RTXRSW0WRO,0
ID_3YIC41DNGQ,0
ID_4IDKGGV5L7,0
ID_I16FIT4V7S,0
ID_4FJYLYMAO8,1
ID_DHNK01WW1Y,1
ID_ACQGGYTR0L,0
ID_P0010BN0OD,0
ID_PKJEDSD81L,0
ID_PTW8RNFHWI,0
ID_934ZS4H0Z1,0
ID_TH5UT4ZNBH,0
ID_RTU3KWBKLA,0
ID_PMP9QGCSEW,0
ID_WOVW6QM6TN,0
ID_AFIGCKQ6ZN,0
ID_M53NXHW8CR,0
ID_F5OKG5ITD2,0
ID_AIWEFM7LW7,1
ID_LVX2KEA3X9,1
ID_8I2BIBQB5P,0
ID_JRV5A3HVDZ,1
ID_C4467GHTIW,0
ID_NYOWBJOAWW,0
ID_Y025QK3KL9,0
ID_MCB5QXHMZE,0
ID_MIIJRPV2AD,0
ID_X7B04F7AZZ,1
ID_U1N4ZZ84T7,0
ID_85NLG21PTU,1
ID_TRLRIIDZD4,1
ID_MZ9HAIH0AB,0
ID_EGDYIEW1OY,0
ID_MECB5T8G3P,0
ID_X3KBPILNY8,0
ID_C89IBRZBN2,0
ID_AFBX7O5LPE,0
ID_ZGE4OL1NCJ,1
ID_UPUYLYWQI4,0
ID_VZW3NLKOQ4,0
ID_FL45W5MM7Q,0
ID_IBCS7EY796,0
ID_CJM74Y916E,1
ID_3J3KJJYGJU,0
ID_M2CQW8QGAQ,0
ID_AMYEJYK7X7,1
ID_SV0EJSJ235,0
ID_2RLLD7LR5C,0
ID_QSOYTR1ZF4,1
ID_LT8HLAPBWF,0
ID_TKU0G9KOXF,0
ID_YV86QRBB4V,1
ID_ESEK7BKRD3,0
ID_ECVODZ5LI3,0
ID_RI1TKZRKYL,0
ID_V123EYT10A,0
ID_6U6K3USY3X,0
ID_6IJ7ZHC6J1,0
ID_QXTRS3O7D6,1
ID_MNMO2IU6PR,0
ID_CTNR61IQDV,0
ID_EPYZYOPSH5,0
ID_OPYH0KPSEE,0
ID_GAHWKILL25,0
ID_FS0E56TCAI,0
ID_AKO02XY6NP,0
ID_7NUENSMZWA,0
ID_SR3WLBNG83,0
ID_ESNOFF686A,0
ID_EYMAB64DP4,0
ID_1KBGYQ8UD4,0
ID_JI6CF3NC6H,0
ID_DHOYMCAIDN,1
ID_IEFM0SHH89,0
ID_99EENATB2U,0
ID_L9NGV2RYBI,1
ID_FSMH897850,0
ID_E54JBPUERJ,1
ID_VS21GEY3RG,0
ID_Q16DDS3AIY,0
ID_6UF4TUQR69,0
ID_PNYWYRCBBJ,1
ID_Y1746C8SII,0
ID_9Z9PJ2XKZU,0
ID_2US38YXDMV,1
ID_VAB3G5AIZJ,0
ID_ULRQQLM6U8,0
ID_1K7NEONNJI,0
ID_E5T9ASHUWS,0
ID_6KN4MHYW7M,1
ID_HI89KPOF8A,0
ID_5FQCWI5HL7,0
ID_I6YLH17CDD,0
ID_TVJGRC7ET8,0
ID_B0UQCYX0Y1,0
ID_VGAFRCLOAA,0
ID_3IIIH88LPN,0
ID_RRKCDCRTAV,0
ID_99QKCJR2PT,0
ID_92O0KI83IH,0
ID_1L1JJLSD24,0
ID_IPL2GQVGZC,1
ID_OUZXXDWHEU,0
ID_TIT9XIO00E,1
ID_7GH17JD0FB,0
ID_WDOPGMELOX,1
ID_CNC73KMGDC,0
ID_R4G3IIRJY4,0
ID_ZDD5AENKT6,0
ID_3WZQCFF5P8,0
ID_EJKBL33CDO,1
ID_OLFWN0NVCN,1
ID_SDVMADZLCQ,1
ID_F2ARWZMLNV,0
ID_5W9S9FMIO5,0
ID_H0KP3U0H69,1
ID_N15CW0CTBB,1
ID_NRPV5YKY0H,0
ID_V1P7QKRXXQ,1
ID_JN5E76JJ08,0
ID_CZHGD0900C,0
ID_Z9CBRRTERN,0
ID_0ES1NB7NUS,0
ID_167ZH7921A,1
ID_SFLHI485PJ,1
ID_2GO1MWC09P,0
ID_BJSR10WS5J,0
ID_1HZYKNWI7E,0
ID_DR7OV5ZF3V,0
ID_6WBZWI88U7,1
ID_I5X5T2E1Q6,0
ID_L73HDATDDI,0
ID_R1BP5ZS1MU,0
ID_7Q1RHUWI0A,0
ID_3XHEC0JZMO,0
ID_9049UD78AW,0
ID_URPXEQMWC7,0
ID_1JFQ2U7DZ0,0
ID_0W9S8AYBU1,0
ID_ZVG2SLHLGM,0
ID_KWS17GZ3ZI,0
ID_HH8L24XKNH,0
ID_LH3YJP3W8V,1
ID_1BVRYDUR44,0
ID_OQ8C5OCI4H,0
ID_7X84H6W6PS,0
ID_YXUQYSSA0E,0
ID_T6UZORVTBX,0
ID_STKDG3KQE3,1
ID_VSR885AXBZ,1
ID_QBYY03VP48,0
ID_V6U8NEGFK5,0
ID_K57HF2IF5G,1
ID_WPNGAMQWE8,0
ID_KWSLIGWBUQ,0
ID_AJODNUJIEL,0
ID_T4LH2DGWNT,0
ID_M4RILLPVF2,1
ID_JRGB6SV1WD,0
ID_GR7VRS71HQ,1
ID_A1BDFWI74A,0
ID_RUDGMDB395,0
ID_J1IJLQIMBX,0
ID_Z8MG91YFQG,0
ID_QLKQQGP0T8,0
ID_Z0QY6C0DFL,0
ID_2Q9JA7YPSQ,0
ID_2LL3ST4LBG,0
ID_P1AOINCL4N,1
ID_TMMM7JCOCD,0
ID_OJNCA023VV,0
ID_O1VP0X66R9,0
ID_JGXCZEA3WF,0
ID_0QONM154IW,0
ID_V1HXJTEQ4J,1
ID_FFZY0VB5FK,1
ID_BXJ8E0CTRO,1
ID_CUJB9YEGQW,0
ID_SC74AODO2K,0
ID_F2MKT4G0HZ,0
ID_HRRPZF13OW,0
ID_KY2YJWRZBU,1
ID_DRXRK6PJ64,0
ID_DY9DW7APW8,1
ID_Y32XTOBHT7,0
ID_BDZOR431CJ,0
ID_FUOOBSR8NI,0
ID_T50WV6FT6A,0
ID_93ZF1ZC6YI,1
ID_B2A4B5NUX8,0
ID_JAG4MGCZ9S,0
ID_EKO2SGT9VH,0
ID_0SST3RMXU4,1
ID_V7UX5JTN1S,0
ID_UZDHFXP07P,0
ID_4S6QZJ6XSZ,0
ID_VR07D27S33,1
ID_WC9EYQ24E0,1
ID_4WK0PIR3M5,1
ID_99LWEAP9B2,0
ID_PJ8DE2EJQZ,0
ID_WGNKFQCVLM,0
ID_6VLTDZ0X0Z,0
ID_D83X745P4P,0
ID_ZWHC0FSWX2,0
ID_ISWUZV74Z3,0
ID_Z1V1PR021R,0
ID_RTNWKCZCTB,1
ID_0ZDKTKGSRO,0
ID_RGEMCIYD0C,0
ID_98L9V7MSTW,0
ID_AX6R2WNGEV,1
ID_6R0KDDFDM7,1
ID_KOW65AAYQH,0
ID_RGN2P8FW65,0
ID_9FZSA230G4,0
ID_HJ18Y7TXBB,1
ID_DZQF9U8DBJ,0
ID_0Q9QM97S3N,0
ID_1M9RTDZHUK,0
ID_AJGNQ1A1DK,0
ID_S5UCVJB6B1,1
ID_TSK9HQ1PL1,1
ID_WUV59GKYCX,0
ID_M86ZI30JQF,0
ID_Q8R6CBBWPJ,0
ID_ATWDN9L08P,0
ID_YY35B2U16H,0
ID_IJ1TG3NIJO,0
ID_C8HE2Q9USU,1
ID_5UBRMSJ3QD,0
ID_JS2FTNVOUL,0
ID_0SLPOUGWAC,0
ID_Q8ZMZY05UI,0
ID_J9D2APJZ8Q,0
ID_9PIBETHTEX,1
ID_41GRIZ0GUX,0
ID_H06BCDF6SA,0
ID_A5IQA84ARZ,0
ID_4XD1PB1VED,0
ID_MFGVHTP9RK,1
ID_2H2X118LAW,0
ID_HURHZD294D,0
ID_8BL66THA1T,1
ID_K3XDXEMZ5E,1
ID_SSO4J5O8ZK,0
ID_UNYHK79WTR,0
ID_FDJ38TITNT,0
ID_QQ2GBSPNU1,1
ID_N4D4KZYMMF,0
ID_OYM0FR36YE,0
ID_NGAY51VLRB,0
ID_AKF4DILUQY,0
ID_FEL59M93SA,0
ID_VC5SFDKXMB,0
ID_SVXV2NIMX1,1
ID_DIPEXP4DJK,1
ID_MQ322U4SUN,0
ID_UFIR3L0GVZ,0
ID_JL7MWNO41E,0
ID_MZ18L1PTU2,0
ID_5Y9W6CBGUU,0
ID_1H8Z72PZUQ,0
ID_0PBKRSEFEZ,0
ID_6F2V36TKOM,0
ID_CR18558K2I,0
ID_MKO9AGD3TU,0
ID_6M69V8KLJH,0
ID_410125XV32,1
ID_2UCYEV0TBY,0
ID_55KT9HCU89,0
ID_AVA5CDO15T,0
ID_A543FM5EA9,0
ID_HTWVM05ZBI,0
ID_RXF0LLZCN3,0
ID_T9PR6LQ14E,1
ID_XP2RJNDUS8,1
ID_7EGDAC81OU,0
ID_JRJPZ2VGG0,1
ID_2GOFHPF5MH,0
ID_U3QW6FMYPI,0
ID_SQZKCHVX2Y,0
ID_472JBKX82Y,0
ID_CIPA3SBHRK,0
ID_Y34I6NIFT8,0
ID_8EMRRY3QAG,0
ID_0IVL38S59K,0
ID_CM8J9E2DDJ,0
ID_IL3Z8LHLA3,0
ID_XLTQXDHS4W,0
ID_F9UAA02EHJ,1
ID_RPKP2I03G7,0
ID_XIOL5PDTSR,0
ID_LHBVXQENM0,0
ID_GEU677H8WO,0
ID_DFVYALY2OK,1
ID_7WJ1MH8YSS,1
ID_YM2295TJIR,0
ID_ISE2SN8967,1
ID_UOBAQUEIUF,0
ID_9NUEHYTYSM,0
ID_L5AYWDUIEZ,0
ID_5VLRDPED4E,1
ID_S5E9K3M0VY,0
ID_XF3E6S1HV8,0
ID_INGVX7S72V,0
ID_U8TBHR79TH,0
ID_TU6K1G7DJ2,1
ID_4T2IRJI6GV,0
ID_G9YQLRLFOT,0
ID_GJ283KOOVG,1
ID_EROQUCLPAW,0
ID_QVZJW11DOZ,0
ID_XAFMV6JTSW,1
ID_4CP24R86UJ,0
ID_5QCMB0I7NK,1
ID_05C4N3Q4XP,0
ID_0CAV1SR20H,0
ID_MXZEV0TTPJ,0
ID_5IL39QXIQF,1
ID_SRR4RHLO4U,1
ID_EGZN5UFWQ6,0
ID_AF1IWB1X3U,0
ID_A3A3AGAELR,0
ID_A99CKK63ZS,0
ID_RD80J9XTP2,0
ID_ID337UG29F,0
ID_X85QCXLTGN,0
ID_8YU1AI65FT,0
ID_M6V8NR3QW1,0
ID_M87GHE25IS,0
ID_PNVH8CGHT0,0
ID_JMGYMIIER7,0
ID_SH6M6WFXJ2,1
ID_FP1YTA73S6,0
ID_HT8SSYGXKJ,0
ID_2QMGZZ2BDY,1
ID_5TVPY4UO2Z,1
ID_ZKTJPRA90G,0
ID_A4CZQG5YD1,0
ID_5BEMF2C8VD,0
ID_U6DP8KHRW7,1
ID_YK04SQFYP0,0
ID_QQTFZW82AM,0
ID_B1LZP3DS5W,0
ID_KKFTJNHAAF,1
ID_7LGORZREWC,0
ID_0PUZYEP90X,0
ID_QWARNDYU5W,0
ID_7LE4PZ63RI,0
ID_USJKIKF7C2,0
ID_YJW10LHAO5,1
ID_RVLR647SYK,0
ID_CB2S7RX7YM,0
ID_8KHEN6B0SU,0
ID_UPOS0OH4L1,0
ID_ETM1RV2913,0
ID_AXY77W4L0E,0
ID_1JTNJ32KU6,0
ID_QJDS705M14,1
ID_QJQO4K5RLH,1
ID_68SKBHF48L,0
ID_H8BQWM3ELT,0
ID_SPCT73OV63,0
ID_WSEJQDR650,0
ID_Z7K4UP8O8I,1
ID_9XEER7G05A,0
ID_NMRJ7YVVTK,0
ID_3KQMI3V0GV,1
ID_K7KUHNCRI1,0
ID_08I7YIDPCX,1
ID_ET0D15R4Z4,0
ID_8OR6Z2MPRG,0
ID_G7ROUC3ZGP,0
ID_RU2RQ889R2,0
ID_WVYN68OSQZ,0
ID_SYI4DWL41L,0
ID_L3DME3ACUN,1
ID_BPIFRVLZGY,0
ID_FI7RQYC897,0
ID_B9TN0KDNDM,1
ID_8DGLE5KLNI,0
ID_38PSQDKUEP,0
ID_Q4L5O3J80S,0
ID_CQVEZBIIMV,0
ID_KZUN5XSDCY,0
ID_OKWO5DJQIC,0
ID_Z8B1JCFRV0,0
ID_2U3MAR6J54,0
ID_WMX1DIFQ11,0
ID_A02W005AOD,0
ID_GS9FDG6HL0,0
ID_T2836XJIB5,1
ID_WV0MOYYT3Z,0
ID_4EP83971N1,0
ID_27ZGMNG2JJ,0
ID_DW4AGE6WEW,0
ID_O9Q5SLTNRE,0
ID_HD073YOJVQ,0
ID_O2SJA04GRV,0
ID_9YWWX8COQG,1
ID_6XLHB4XPLK,0
ID_0D3TFRSGUA,1
ID_1OLXJT73RV,0
ID_5X61SPVFP0,0
ID_Z5QQKY1YKS,0
ID_BAHBMI5PRL,0
ID_ZIUMCA57C5,0
ID_7FFXQ8T2EF,0
ID_OPKHYX00GJ,1
ID_CG6O6B5GRG,0
ID_UUBNDMKF50,0
ID_J39WB1RGLI,0
ID_0HTVU460EN,1
ID_NXI7EOVX06,0
ID_1Z6S51SV3L,0
ID_CHQU2BSIT6,0
ID_DGOO1DP1XE,0
ID_ZHFLA9IVCN,1
ID_E8FZNNYDMJ,0
ID_OMW4G80U2Y,0
ID_L9PZTPU7HG,0
ID_M1RSS3CHZW,0
ID_S5T8R00ST6,0
ID_00GT5QZUUV,0
ID_2IV7VWO4PR,0
ID_6H0NKKS7DD,1
ID_PJM6NE2A0O,0
ID_A2LH8WNT75,0
ID_WU47O1AXAK,0
ID_KQ7CE9FE8K,0
ID_9AE1BN0E3A,0
ID_TZA0GRN2NM,1
ID_BD8O2NCJCG,0
ID_LTYVH0XXHV,0
ID_GDSR3Y54HR,0
ID_6DW8G1AK03,0
ID_ZY8FGG3BTN,0
ID_VUVRZWEXKL,0
ID_VTNWPMXL7Q,0
ID_LNKMUH997S,1
ID_XYIVANBXWY,0
ID_714JKLN2J2,0
ID_JAGRE6VD6G,0
ID_4VE6Q7QGYW,0
ID_Y9H2CI1VUO,0
ID_RK0CH7Z44O,0
ID_AEZSCQZR44,0
ID_H194EPAXN2,0
ID_DJ58SGMFYS,0
ID_Q5YQYSBLTA,1
ID_O7BW3B5589,1
ID_0ICSIOMHZW,0
ID_S6IYNZPH26,0
ID_7R0SMRJUCP,0
ID_PD7OK5OMA1,0
ID_QVCDZ98KMO,0
ID_MP98UIQQT8,0
ID_JGTMZD2E8P,0
ID_X7VW5K4TQJ,1
ID_U4K4GMQWR7,0
ID_37LRQL0CSG,1
ID_F0GP8DK9PG,1
ID_IMTEXW3DUV,1
ID_W0AFVU77NF,0
ID_NY81OLNGDP,0
ID_QAP73KDKBR,0
ID_83GNCLLDLA,1
ID_0GFAIT2V57,0
ID_L3FKN92REL,0
ID_XGTY750DQ8,1
ID_RJH3YLIU55,0
ID_4E2KIRPLC4,0
ID_MP7PLE8MR6,0
ID_GHOM87ECTR,0
ID_H4OELC6PED,0
ID_0T2NUI3D5W,1
ID_MK31FH45DO,1
ID_R3VUV9LPWN,0
ID_JK99TP97I3,0
ID_GG5MJ3RIVL,0
ID_O4GCPX866N,1
ID_XMWHW00DBS,0
ID_C41VOAXI7Z,1
ID_HUW35RB4PG,1
ID_26HWCEGG3O,0
ID_D6B8AI1E9V,1
ID_TFJ5MTWV1U,0
ID_GSOPFSJAU7,0
ID_KNSTHH9V8V,0
ID_KOZXA9EOSM,0
ID_8LN6THQ1ME,0
ID_ONSR8MIKPF,1
ID_V03PBKGGY7,0
ID_65KVY29VNW,0
ID_7QPPT0DLOV,0
ID_LGE3NS3K8W,0
ID_7V8596UAUY,0
ID_EEWK45Q49E,1
ID_UVPH388B5Z,0
ID_60FUJ0U841,0
ID_R9QV56PYNW,0
ID_E4DN8DAXPA,0
ID_PCHKWT8M7Y,0
ID_GRBNMGUL98,0
ID_BR9JZ7CC0V,1
ID_6G4CRQ1C8K,0
ID_28SHYS4VR6,1
ID_YZOJDN4I4E,0
ID_LC4SR64XOO,0
ID_ZPDHOJH9E4,0
ID_ZRQKB1HSNF,0
ID_I6XH1YFCVF,0
ID_XMB7UGQIP2,0
ID_NOASMLAJCC,1
ID_RM1JDWK8TO,0
ID_PEKIMNF0ES,0
ID_C36D6YDEUB,0
ID_PHL9QK7YFU,1
ID_7H7386WOG4,0
ID_PRNJ7037D0,0
ID_98167VK3XP,0
ID_8JTT3OMII4,0
ID_Q8MG75UE46,0
ID_WQ8B28V28L,0
ID_9USSRWDFKG,0
ID_BA3Z2FTYJ2,0
ID_668PLD8248,0
ID_65ZY9UI291,0
ID_0TM0HTDSCN,0
ID_JL4SXGIYXW,0
ID_VM9TA02GRV,0
ID_C6RYG1L01B,0
ID_8VLD9F3EZ9,0
ID_7ML5PBNEZO,0
ID_KP65W661DT,1
ID_46CGZ6GMSA,0
ID_OCGO08UEZD,0
ID_JLF9HP2XR6,0
ID_9KQDJ0SM0A,0
ID_E73YQARP5Y,1
ID_W4RY7E7OOQ,0
ID_ERUB7BE2IK,0
ID_MWOKUWDU9Y,1
ID_YNZTB2TH39,0
ID_TOO9SEYX75,1
ID_AF0WCQXN3Z,0
ID_ONFRIW44UF,1
ID_PU18L5EMDO,0
ID_QSEG7K5IY0,1
ID_Q42FU9N9JU,0
ID_8OVI30SY4V,1
ID_A0PCUDFFZC,0
ID_ISS8C6J8VH,1
ID_FZ2JGA053E,0
ID_D4QXWHESFM,0
ID_RD21JOPK6O,0
ID_IR5C15Q1LR,0
ID_GQ286W711N,1
ID_FAWWHNZWDR,0
ID_ML3XWJOKX4,0
ID_6ZEGZZ57BJ,0
ID_39DOQTR8Y1,0
ID_9FX8F4FV27,0
ID_K9U55932QX,1
ID_39DJLAK3FK,1
ID_ZPAEEKSS9B,1
ID_2WVSOSCA98,0
ID_ORVLIFUFA1,0
ID_HR845I3Q3A,0
ID_T6638CKYBQ,1
ID_9908GOO4TN,0
ID_21B66W6AED,1
ID_GS6ACIBLOJ,0
ID_RBXG6PRXEP,1
ID_U4ATIDYQVH,0
ID_URKQWVAUFN,0
ID_DLE71MJP3K,0
ID_R4107YW8I5,0
ID_ZAC4LCACOM,1
ID_JYQHQIU0SL,1
ID_JU8MHLI3YT,0
ID_JAM2S5ZOZE,0
ID_PKKHHGR2VY,0
ID_3R7YBJCH2S,0
ID_9GLNGSCV1O,1
ID_DIKVF4INN1,1
ID_8U53YFDWIT,0
ID_IKK7663JNP,0
ID_WPENFN22O6,0
ID_0H924LEGRX,0
ID_FQMN4S5M0O,0
ID_QO5DG5P65J,0
ID_A39ZIH4CA8,0
ID_KTKOWXOZ5N,0
ID_FJXGTQIC43,1
ID_TS3FG9QAY6,0
ID_ZRIJ9WISCQ,0
ID_QDRZC4FGJJ,0
ID_0MW78ZZ85Y,0
ID_1AUZRJMELT,0
ID_4LKFPMZ3EE,1
ID_LCJPJV68VM,0
ID_1A4NWRZZOL,1
ID_K5MLPMXPNE,0
ID_SCJCWG3891,0
ID_KHZ0QHX2ZL,0
ID_6SV62CSV6R,0
ID_JS2DJP5P5P,1
ID_F94TUBPXHJ,0
ID_LTLO1Z58O7,0
ID_T4FEJU344C,0
ID_791NQ209D6,0
ID_AR73ULOSK5,0
ID_O19QTEM1PW,0
ID_Q286O7PDN9,0
ID_WREHYELAHO,1
ID_9AAL3HYPBZ,1
ID_XIR9AR0I1T,1
ID_WPP9U5XDYF,0
ID_G1EU80B686,0
ID_3478MUKBYI,0
ID_K3F0Y2N1JJ,1
ID_EV6B223I7R,0
ID_CSO2RLU1AC,0
ID_57OD923XI0,1
ID_221XHAJRLP,1
ID_7IZASD7TAS,0
ID_NDAREG67NH,0
ID_H9G7N8DZBT,0
ID_JGAXXVL4O2,1
ID_T4NANJALWJ,1
ID_GKZJ39ERUX,0
ID_D78N3CYXEE,0
ID_SQTA5OBPF8,0
ID_BTMC0CFO89,1
ID_4AC418KATO,0
ID_61D98H5TFQ,1
ID_GOPJKK7RGG,0
ID_GS3V2X4BU4,1
ID_28BRYELTOP,0
ID_KE0Q90FOD6,0
ID_59O47J4N99,0
ID_0W1NGKW90Z,0
ID_3P4M6JTFRV,0
ID_79O5LTOJMM,0
ID_L5PAJ9C58E,0
ID_9LFZ5F90S4,0
ID_GX1H6W1VS0,0
ID_3B3W734DPI,1
ID_G3XXEVUZWW,0
ID_3MGHQ1STH7,0
ID_X3I5BTGI2R,0
ID_UDRZPHLDRZ,0
ID_SD51LOX5LQ,0
ID_W0LQ70JVPD,0
ID_NLP76KTOQ0,0
ID_5JJG5VJQFP,0
ID_2GOXTRCVX1,1
ID_7PMMCN9Z2S,0
ID_VCFGZYOKGF,0
ID_LKOPMMIHWM,0
ID_7VSOQZF8TX,0
ID_3SWC8323T1,1
ID_FPNAZI2EQ5,0
ID_J4IK675G7V,0
ID_AY6B97NE9T,0
ID_CRRMPS1YBY,1
ID_34N8LYROH2,0
ID_IUYZSUUPXG,1
ID_7SB3QU91FU,1
ID_Z5MOI7GBSJ,0
ID_0EB8S12K75,0
ID_PHAWDJWJQ1,0
ID_NPG4U8WLUN,0
ID_MHAD43CJUJ,0
ID_5J7CZYSIN7,1
ID_HQAJKHEWXT,0
ID_Q7AW7G67S8,0
ID_6VPW7GKBK0,1
ID_E0P588OWD0,1
ID_FDX0N46FJB,0
ID_0T8VOXTGWN,0
ID_L5V7YRQ4E5,0
ID_CXZDQJI4AK,0
ID_I4I2VHWEOX,0
ID_PKJVWUTQL7,0
ID_RCM1NIOXGH,0
ID_L05R9S1N8H,1
ID_HS23JGCPJT,1
ID_5J86BMCTG9,0
ID_OZZDTM7Z97,0
ID_QJKSCS7PQL,0
ID_ENJ4YV2WNP,0
ID_TN0G5IRXFX,0
ID_ZF0MC464PB,0
ID_D0RV8NY6J3,0
ID_K88LT36J6S,1
ID_LYFISOL8GE,0
ID_IMISZDC46E,0
ID_XB17YQOY90,0
ID_0MNR9SQAXO,0
ID_WVBZ7S0YR1,0
ID_UDR3MEQIPS,0
ID_APLLAHH6F2,1
ID_P1V14UJJTA,0
ID_N00AZAAPFR,1
ID_P31E7ROUAW,0
ID_5GY4B5P6NN,0
ID_6DSUO44EFY,1
ID_4KPJVZ74CM,0
ID_MA83LN52KJ,1
ID_VM1BFBBOG1,0
ID_AK7VUFEAZK,0
ID_ZETN2MUZPG,0
ID_5Y3ZXT1SF6,0
ID_8DUWFB71NB,0
ID_FULBLZJQTC,0
ID_0IJ93NJMFM,1
ID_83536RRQXD,1
ID_QXLPRN8DPN,0
ID_O4619AQBWC,0
ID_MNB9B6QF64,1
ID_GYEUP2OPTQ,0
ID_T96RYALF0O,0
ID_GIIATLCZYK,0
ID_4OTD7Z97MO,0
ID_SIFTNQ8JNV,0
ID_H3KEWRQ9MF,1
ID_24B9HUSO9F,0
ID_5YVR9O9O0O,0
ID_SZJ13G8022,0
ID_T71P0ZHILM,0
ID_SBIO8VY0OL,0
ID_QA155Q4XP1,1
ID_MJH8NXQQU1,0
ID_6Z03T73URA,0
ID_UTT1DK0Q1G,0
ID_KVK79JOT1I,1
ID_BDR9I54LCD,0
ID_HOMFML3L9F,0
ID_ARJAJ6LXAY,0
ID_26I9WJFM96,0
ID_GF25BI2FZX,1
ID_BWVKMQNCBA,0
ID_Q1N5PGRP4R,1
ID_FZODHE30IQ,0
ID_YHQ1TIABQT,0
ID_BB3OOANJDC,0
ID_B1P9QHGPZI,0
ID_WZFASBPLV0,1
ID_2BUQ8MZH5C,0
ID_OBU67BALU2,0
ID_HKWRRD9ZXL,1
ID_O47NBU69Y2,0
ID_YN7BM9IK59,1
ID_XDTC7PNO73,0
ID_EPLE7DFZL2,0
ID_D5E2MIA5WG,0
ID_KG3PE5VXCN,1
ID_4JS4M434C2,0
ID_NME1HNBM5N,0
ID_JYGFUXS0R4,0
ID_FSCB9TTXLK,1
ID_C26FEH1WWO,0
ID_HISH2PU6PD,0
ID_FJZM3LLLS5,0
ID_R1682Y42WZ,0
ID_IS3YI74BZU,0
ID_7LRYLELPTY,0
ID_X9JXDSSZUP,0
ID_MOGM93YKWJ,1
ID_0U3M8VUQOK,0
ID_QLPYG29OX4,0
ID_RPAPEW056Q,0
ID_OISZ5F7VEF,0
ID_HCL22OQXU3,0
ID_EL6L11ZN7B,0
ID_A05DNI08GF,1
ID_39BLBB5DE6,0
ID_J3ZU4ILZKB,0
ID_4AANYDEQN3,0
ID_FS9VP7KSZ3,1
ID_Z4X0LH7JCW,0
ID_4ON3YZGO7Z,1
ID_QKO3G5J6AQ,0
ID_Y6TS86XEMH,0
ID_N9AHYAR2ZE,1
ID_291MQZUTJ7,0
ID_90I91OKAEO,0
ID_81S4N6PLWH,0
ID_1ZL210089L,0
ID_I2HD0225QI,0
ID_ABEVFQ6VZH,0
ID_H9H165498S,0
ID_1NFPYD4UVN,0
ID_XYF90L4L9G,0
ID_OGG8WJAIZ1,0
ID_63DBDZE1DU,0
ID_BHPPVOXMND,0
ID_D96H5C6L0L,0
ID_C2HHD6ZVE6,1
ID_H331N9GQA1,0
ID_D17RZOQ95F,0
ID_QHN2MELZST,1
ID_SP29DJ8NEJ,0
ID_W67GU3L040,0
ID_0CACCCWG1A,0
ID_HY3UREYM1X,0
ID_WAUWWVGAPD,0
ID_2B3ZG8T4E1,1
ID_EOK84RFF5E,1
ID_OQ1JIFEHNH,0
ID_ZPS3MRWZTB,1
ID_Z5X00F770U,0
ID_SYGDWSMLFG,1
ID_IXETN0OGZH,1
ID_CF80VQ2ITJ,1
ID_H2124748BE,0
ID_HAHBLMQY59,0
ID_MQSOM1DQ39,0
ID_X4YE98QX8S,0
ID_ZIQ37WV5M3,0
ID_S9TI8X4PTA,0
ID_G6UVDVWXKD,0
ID_HXS59BTIQJ,0
ID_G9G9D4XRQY,1
ID_SX5HYNQI1X,0
ID_CL5781GD9A,0
ID_9GOUZAHCPX,0
ID_MYTWVLZQJR,0
ID_XM5GB03MZQ,0
ID_ULOUB2N4RM,0
ID_MFESZH4SIF,0
ID_VKEMGF61X4,0
ID_LSWQ74KFQB,1
ID_DUIWVJ5E06,0
ID_ZAY98LENH4,0
ID_65OHRHTXLP,0
ID_90UO575OL9,0
ID_VOIT9KEXSB,0
ID_DRGPG3MWPB,0
ID_3H5QMIRRSO,0
ID_QV5L1EBDPD,0
ID_OZYRG43HK9,0
ID_0BNG3J0VXS,0
ID_J3DFJYZW3P,1
ID_0YBTI6ASCM,0
ID_8X3HQV0IM6,1
ID_KV0RHILX88,0
ID_OL47GK5J38,0
ID_2TQRQIAUNZ,1
ID_MAT8VVSRQM,0
ID_ZZ0CV81N0P,1
ID_HN3Y8AKCG4,0
ID_D5OYHC770K,0
ID_U2CZF377VT,0
ID_VES6DA95V1,1
ID_3LA0P02GM2,0
ID_0A12BOSB4U,1
ID_K9IHKPIJE6,1
ID_VMQ3SWEBIU,0
ID_HBLCPVSF20,1
ID_NA5J9E7WDV,0
ID_WE242LSJT9,1
ID_4437M8N1K6,0
ID_HHOBX4YIV8,0
ID_9NQ3KYDWT4,0
ID_9MLN6TCD38,1
ID_FKL4CVPEKT,0
ID_ME3LJEJ3A7,1
ID_CJF4FZFK6A,1
ID_I3NQ9X85Q1,0
ID_8CBBF0Z0LM,1
ID_CI4NB89AUN,1
ID_LV7XJMA8X1,1
ID_RSSF3M05AK,0
ID_5M641T59VP,0
ID_E0KTTZ1XGE,0
ID_LNHE8R4Y75,0
ID_SVK2V2TEEX,0
ID_2ZRLAPOQY3,0
ID_R6VRL0KVRJ,1
ID_OQUCETR6SW,0
ID_QZ230SE5KT,1
ID_4I9B6LHMOD,0
ID_Q6IPP7HPFF,0
ID_KB1P13ACMX,0
ID_Q6WH1LKTCJ,0
ID_T6L0P3MWNL,1
ID_GMSWYA8V6D,1
ID_RD1GH1F639,0
ID_KT5H6RGSXA,0
ID_FP4L5DUI81,0
ID_XYGFA9DLGB,1
ID_RFYBL1DW6L,0
ID_J60KMWYP4G,1
ID_7Y5YK7WAIE,1
ID_J3T5D9L7Z8,0
ID_FW4RVB6GTB,0
ID_I8VXWL7X2I,1
ID_PKW6UZ63LU,1
ID_R61MWA5CCB,0
ID_1BZ05VL149,0
ID_72QWQ0VXOH,0
ID_MWZVKEDK72,1
ID_CMFCNLGCSL,0
ID_M46F3EXEQ0,1
ID_VGZPTTFHYT,1
ID_Y6RMPM2SLV,1
ID_SI3WPCCFG2,0
ID_Q0WQFBHVH9,1
ID_F1P4VD6T4G,0
ID_XP11C2HBRW,0
ID_Q5LYU871PG,0
ID_LADGA0AAL1,1
ID_8L9WPS9HYK,0
ID_F6AHEH493O,1
ID_O76XPQPBD0,1
ID_B24MWEDTPU,0
ID_HIZ3SFZAF9,1
ID_OJT0KNI73Q,0
ID_XZ00YCNRUW,1
ID_EERQ9PA70Z,1
ID_RTKMSGOTZW,0
ID_1FUPDXERG8,0
ID_F1B5NF53IZ,0
ID_OPLY0SROJF,0
ID_RNXIVSET3R,0
ID_P2S7ND8AFL,0
ID_XZARV0Y2NK,0
ID_L0H9IBOCP3,0
ID_1OMG04ICLJ,0
ID_G6BXB88N3V,0
ID_7JJH0QMN4M,1
ID_75ZFQVW98G,0
ID_8NDNIA9QJ7,0
ID_C2XJBO7EXH,0
ID_Z51BJ0MEX7,0
ID_NNF6E8M6CL,0
ID_D34A0BBH3A,1
ID_6241SZU9X2,0
ID_ZVLQ4XDJVH,0
ID_9U9Z3H6BPH,0
ID_QRI5BAFRQ8,0
ID_REBKHIY537,0
ID_JW6UHYQ0YG,0
ID_Z87F8LQIBI,0
ID_TV1LR4Z8N2,1
ID_YA1R4IMRY3,0
ID_DUM6FP0WQA,0
ID_2TI9XUGILN,0
ID_WGWRF2KGP7,0
ID_E0E2SF2YDQ,0
ID_SCR7KLJI9Y,0
ID_P9BKU1XEJP,1
ID_H0ZIV93GO0,0
ID_VR1755V3MF,0
ID_EZFG9G1XJC,0
ID_FFQZV4JPY9,1
ID_WKHJGL4OG7,0
ID_NS8JLVRSFF,0
ID_X9TGELTZW3,0
ID_P0QRMQ81GE,0
ID_DSG5Q5AOAQ,0
ID_TIG3Y04JZ7,0
ID_923KXGJZ4S,1
ID_PVTBT7XFG3,0
ID_ZUGJ3VO0BJ,0
ID_7XOBPOL2RI,1
ID_1DRVDXB7ZF,0
ID_LNZZDXDUES,1
ID_1YFILPCO9H,0
ID_9FBG1TRBOF,0
ID_4JFY3X4XN5,0
ID_SXR8XNX7M7,0
ID_1H2UDTIV0A,0
ID_1LRCS131BB,0
ID_UMOOQI61DT,0
ID_AE2YF3B10F,1
ID_9NBGELIY9M,0
ID_LS0EVUPER9,1
ID_4VGEAGEG4L,0
ID_9UVI32JDUN,0
ID_Q90TXOEXZI,0
ID_35JIN7FHX6,0
ID_QDK6ASUVXR,0
ID_1KLLXX5RRW,0
ID_3JYK3OT9GE,1
ID_5S70MXTBHS,0
ID_A3BK751O8Y,0
ID_3XHMMHTXOG,0
ID_UY13WC2XVA,1
ID_A3H18BT016,1
ID_UWAQ9YZGYA,0
ID_BEF95F4OOE,1
ID_6S2L0DPAWK,0
ID_Z8UZD1GR13,0
ID_4CCFHRK27K,1
ID_8LEQ4DQ12B,0
ID_VER6UE0SJ4,0
ID_YX17GTXF7G,0
ID_421GBNART3,0
ID_01G51TC6MP,0
ID_S5Y47NH8W3,0
ID_5NSR8VN1YA,0
ID_Q0S3BM5TQ4,0
ID_R5PBV636F7,0
ID_ACXQDKXYK4,1
ID_N1WD4DQVF0,0
ID_9YLESE8V7V,0
ID_OAT7N8IWQQ,0
ID_NCL58D2HMK,0
ID_CAMJEBCL8E,1
ID_YOR3GFK9O1,1
ID_AX0Q2QRAM8,0
ID_IVC6MC3GHV,0
ID_0Q8LEN119Z,0
ID_O52OHWAJL0,0
ID_CTY8BGYYAG,0
ID_MHUO3HIHES,0
ID_PHL7W67SHF,0
ID_1XCH999D2E,1
ID_R8BGSQSEN3,0
ID_SO05NUXMR8,0
ID_51E1QRSD3H,0
ID_1QSLHB1K0U,1
ID_IUCFJLWCSS,0
ID_30YKQ1D1TJ,0
ID_RC0JP4JVBM,0
ID_ZWOSREKABN,1
ID_R82VKO0VIH,1
ID_45P0SIZD7H,0
ID_WXMLX67430,0
ID_6CRCLRRY3U,0
ID_SGXO34U0LJ,0
ID_GV45XBI77J,0
ID_7OGMP43AVD,0
ID_L6NUC8T3ON,1
ID_IY3V77NR4V,1
ID_BBK142NCRI,1
ID_W6GJMWZBAH,1
ID_VTM9DKNOUF,0
ID_J2ZGUG3W6H,1
ID_VSUSTEW55O,0
ID_B3Q52UR5UD,0
ID_RKMMN27OPR,0
ID_J0ET7K8NCZ,1
ID_NZCKNY23TW,0
ID_CQQDFYIB4R,0
ID_E60NA5XZDH,0
ID_XOW3Y1EOVZ,1
ID_U74LEOL4S7,1
ID_UE3V51UQXE,0
ID_WZ75O3S26B,1
ID_LU9AZU904B,0
ID_X5MDU4IZ0D,0
ID_2AEZIPZMG8,0
ID_EX98DI5XXL,0
ID_M1RI7JHQ6K,0
ID_HPVV4RDEDY,0
ID_8BBZ08ZS88,0
ID_4TGWVGPDZK,0
ID_ZJ6R460TU9,0
ID_3WB6GED9UX,0
ID_D5YQRJEN9C,0
ID_1SJOJSMA7K,0
ID_TKPJN0J1BA,0
ID_A9YHQQT8F9,1
ID_KWWL53A12Y,0
ID_OOOIB6EEA0,0
ID_HG8Z9DXY2U,1
ID_H0M5OAHOTC,0
ID_M2OQ989FEV,0
ID_YN2YM9FSM6,1
ID_IBCMO7AI3V,1
ID_91QTAS3OE9,1
ID_DD4CSX19C4,0
ID_L1FOFBJ6CA,1
ID_AWPWBLHY3X,1
ID_I18XR43W5R,0
ID_EYU0CSSMYE,1
ID_JA4JATXHM9,1
ID_EZR1ZALGY3,0
ID_HN3UGYLVDB,0
ID_ON18LL27KO,1
ID_JESM6IHXAI,0
ID_UGQOOGJQ33,0
ID_O5FU4KS7TR,0
ID_FFMBJ6U19D,0
ID_Q3F3IYVBH2,0
ID_EOMUH1X8N4,1
ID_P3XSRE0QFV,0
ID_64LC5O9U01,0
ID_P54J7Z45A8,0
ID_XYMLEYOLKD,0
ID_3CGD7W69KB,0
ID_91MA8PA7QZ,0
ID_5UH0ZUN2QK,0
ID_865RFSDN15,0
ID_R16IWAWHXH,1
ID_GJYZEIU588,0
ID_T5QILDQ6GG,0
ID_S3MOV4NHJF,0
ID_QT9EV0SMGF,1
ID_JIGNY6RE83,0
ID_BHMUFX4H4O,0
ID_G2CFE4HGUC,0
ID_5X3ZTANNHX,1
ID_H8G0FWJQMN,1
ID_WMI6RYWVGD,1
ID_AQTXS8FPG7,0
ID_UDBHJZ04ES,0
ID_8GHGE5TRPJ,0
ID_YBMNDJUX3M,0
ID_ZISKDYS4V5,0
ID_VBKJLS0T52,0
ID_NSE2ANN0W7,0
ID_EWLWYPW7K4,0
ID_Z4GVILMEQ6,1
ID_0QXOHA1IEW,0
ID_DHV14U1WXM,0
ID_JEDC9KYLS0,0
ID_36DZSVSOVU,0
ID_XU9QW4I50O,0
ID_3MO6LHCE0T,0
ID_8X8OPVSULN,1
ID_GUJG1RJ2KE,1
ID_XJT9YG73Z2,0
ID_2V5YIRDQ0D,1
ID_GI2WFW1XFX,0
ID_ABF6RJ5CJB,0
ID_XL8GBVMNTS,0
ID_WPAHZD7KQH,0
ID_4HT6Q837T5,0
ID_2GHD0FUUDW,0
ID_8FUHS043PH,1
ID_BF825VQ11M,1
ID_V9UOYE0FPY,0
ID_ESG1KIHE4S,0
ID_HNTIVDKIHB,1
ID_SB2ZYCV06Q,0
ID_22WY534IC4,0
ID_2EOFS7JDUW,0
ID_4SAU20W1H6,0
ID_A8PNYSQ3U1,1
ID_IWGP4RVN2W,1
ID_E27EXBT9DN,0
ID_DTM146SBSE,0
ID_4GRV10REZR,0
ID_KVKBY5FENQ,0
ID_0EPA9IIR1M,0
ID_FIKNABHA9P,0
ID_B8JQ2IK0AE,0
ID_EY8VBXES1F,0
ID_7BILPUZ0EV,1
ID_9FHFJXT21H,0
ID_2R1GQVOCTN,1
ID_MMQPCH8FOM,0
ID_O5YFCXOALL,0
ID_SIVF7YPJ2M,0
ID_G5398632RC,0
ID_24IXAAO9VE,0
ID_11MMIQBFXR,0
ID_LT8YL81BPL,0
ID_Z6I8Y7KH06,1
ID_H6DQC1J2VS,0
ID_Z1HQC31TE8,1
ID_Y19RHL32PY,0
ID_QOR4GVH12C,0
ID_DCK7KCBD9H,0
ID_KBMV8SSYBV,0
ID_XHJUKJT8G2,1
ID_V9BS9HRTB1,0
ID_XVQX7XFOI1,1
ID_L71I7KFVJR,0
ID_W2ER4S0NPD,0
ID_TD1Z9LRIF9,0
ID_25WLCWGC7K,0
ID_F3UES0J8SI,0
ID_J74GT0WLJM,0
ID_2XERV5UETW,0
ID_J7U7LXMA47,0
ID_X9JNDDFW72,0
ID_1EOIVQEYMF,0
ID_291NPN8H7P,0
ID_MKYSC5KPPU,1
ID_RKHOC8R7E7,0
ID_QVOUUCPJR6,0
ID_PYV1I22054,0
ID_8XRAMFQPXF,0
ID_TXBEK3Z2JX,0
ID_Y3R85ZFQXU,0
ID_JM5MAGAXVT,1
ID_MSXAJRDQ3I,1
ID_XKXMS5RRSE,0
ID_8GUEO9RT2V,0
ID_LL2L0F2NHK,0
ID_YAMEPG8MQ0,0
ID_RP2ZOK8KUW,0
ID_F4Z7AWX8ET,0
ID_CWDBKTMRR4,0
ID_5E82HJE2E9,0
ID_S8HTOLTEO6,0
ID_IACQ8H0MER,1
ID_342KGLL52R,1
ID_HHDSKT9BE5,0
ID_TAZZMJBDVX,0
ID_7MVIV4P6IA,0
ID_PADBFYKWUC,0
ID_TGK4IZR46C,1
ID_D8CDAIEPON,0
ID_N0YYYIVLQY,1
ID_UHHWSMS1GI,0
ID_I27O9MV3KN,0
ID_46PHRUYXXF,0
ID_QMD4CQ5FBR,0
ID_4HLCK34TRZ,0
ID_WKFZ2T46Z6,0
ID_FU8TY2BVUO,0
ID_40FAJO6R1D,1
ID_FH6TEYJRO8,0
ID_OGWMHYICKY,1
ID_FIUT38H0YW,0
ID_BEEZRKWASI,0
ID_RVVUN10IXA,1
ID_CAUFSZHFSO,0
ID_5IRU0WMOQI,0
ID_ML19ATIR5N,0
ID_GULBVMXQUF,1
ID_ZIUGMDBL99,0
ID_OZW6Y6MOBT,0
ID_JZID6V6VGV,0
ID_2IR5TXN28N,0
ID_LFEMGUDE0I,0
ID_PSWB7F47YT,0
ID_D8GXSAF0WU,1
ID_UGGCVMA2FJ,0
ID_244WFYF2J7,1
ID_75FHCD8HM7,1
ID_LGRBJH4QXR,0
ID_XFQ1S2XNLK,1
ID_3WIU2J3X5L,0
ID_808PRIA4BH,1
ID_RTWWHBV9BH,1
ID_2MWRCT6594,0
ID_GD51SOBNR1,0
ID_DLCSW9SDHB,0
ID_Z357ARMVY5,1
ID_P8TTPLTT92,0
ID_X01BS8MMGH,1
ID_67OMYZJO6V,1
ID_IV9TH5RXXL,0
ID_BDZSCZB3Z1,0
ID_00SOVQUHXE,0
ID_XZ1W3VOL6B,1
ID_6XF1O1BAPK,0
ID_GFM0WKDXHC,1
ID_KS95OB04RY,1
ID_5CW8OOV2MW,0
ID_XBES1XVO7T,0
ID_HT44SYHD8A,0
ID_C6IHX2WSCN,0
ID_FD2FBE3MEI,0
ID_LNQ92WXHS3,1
ID_M48V6IERHW,0
ID_6A8BP0M1KK,0
ID_JFDDIL4JWP,1
ID_MWSGVGZBXY,1
ID_DL52LEK1BQ,0
ID_UGSKPH9FHG,0
ID_5Z9RZLTBJH,0
ID_DDLBX24SGZ,0
ID_RC5RMOW480,0
ID_GZIXNMBWF8,1
ID_P5MDS6MEZL,0
ID_IMB3F3XVWC,0
ID_LPXJTND7R1,1
ID_YK86F35XBR,1
ID_HNAUWWVUB9,0
ID_VKZYCODZDA,0
ID_3D1XGJZMLL,0
ID_6HY8QUGGUU,0
ID_UBYE7V8YS5,0
ID_A6J1RX02G8,0
ID_CXETXZP94J,0
ID_M2DT7ZMRHC,0
ID_QBTP1Z7AD6,1
ID_RZA7ORL5TB,1
ID_CHZSXQV1SU,0
ID_JWT0OUHDZV,0
ID_CBPQ4RI7K3,0
ID_6EI6XSEJMT,0
ID_G0TJ2X4IRN,0
ID_M2RH7LVYGY,0
ID_KCY2HVQZWC,0
ID_8YW0J462PH,0
ID_DZXCM3V3IG,0
ID_AMAEHKQK83,0
ID_UGUNDMC1Q7,0
ID_63U6X6JXC7,0
ID_DBCDBQVUJ5,1
ID_O393QFRVHO,1
ID_6XFH2P94KU,1
ID_BEFEJQQISA,0
ID_I1SV3ZUTR7,0
ID_3YM55C2YY4,0
ID_X216B7K0D9,1
ID_5ZTF9AZAIV,1
ID_WKIZ5UL2F4,0
ID_WNC65SX884,1
ID_5JSWB71L6V,0
ID_A47Z97M5DP,0
ID_W4G60DRLJG,0
ID_2R9WCSVFXR,1
ID_ZGSUM154UM,0
ID_PAW2YL23OG,0
ID_Z72807CZBT,0
ID_GI7DMIW6W0,0
ID_VOQM2GW74W,0
ID_FDFC9EL7WG,0
ID_46DVBA5WVE,0
ID_T2TAO7ZG68,0
ID_Q6GBQASL7M,0
ID_GRNEZ7PLME,0
ID_ZYB5NFO2DX,0
ID_EN8U920XMS,0
ID_SFI8GJZ15R,1
ID_Q7EL5EL6O4,0
ID_5WDBD9MRA1,0
ID_Z58ZLTF5WH,0
ID_A3ILOQPJ31,1
ID_3UYNP4KL7C,1
ID_UYH13I0RY2,0
ID_VDV1K1OLX9,0
ID_JPL9H4GSSE,0
ID_04S5CRFBAQ,1
ID_KSQ7NB3459,1
ID_1UJKX8K0D6,0
ID_R9W4RF6MPA,0
ID_EQIXTQHANM,0
ID_S7S0H12249,0
ID_GQS1OFYWC8,1
ID_5L84YF0ZG4,0
ID_D0RLJIYQ5H,0
ID_TT4RT1JQB6,0
ID_WCOKBAGPTW,1
ID_37EMDBSNQ9,0
ID_KPUJ05SAYN,0
ID_5O7ENLZ9CS,1
ID_4MGE4DW4V8,0
ID_NMY1VUJ0H0,0
ID_5XAZ50KAX4,0
ID_C2ZCQ5YFQP,0
ID_WNCC0NVLWL,0
ID_MORIGJVCEI,1
ID_BCQJHJ5U4K,0
ID_BY32BWC1H0,0
ID_F69769GCYR,0
ID_FOTY4VG902,0
ID_HUZ072K61T,1
ID_2MGDVKK0FM,0
ID_4NUQA5TBET,1
ID_L5K858K6BS,0
ID_8L8M8BVKPN,1
ID_20SZYM3V6N,1
ID_M2VYWOLU71,1
ID_NCEBR9JBDZ,0
ID_D8YESZUE3Z,0
ID_RPCV0B83CC,1
ID_8KQJRGHHCH,0
ID_GXC0WCQ937,1
ID_9M4M2BP20A,1
ID_I9O1E30KN2,0
ID_75SGGBM9T0,0
ID_UKB67I0SYG,1
ID_SB4UIIA8ZE,0
ID_S4UFD7UN43,0
ID_J2ZBZIO0RW,0
ID_8XSIVFJOUE,0
ID_A07S95GUTK,1
ID_75M6PKSZCT,1
ID_4FBPDC41WL,0
ID_AJRCLJD8BU,0
ID_3P6PV0A2IF,0
ID_83O780LWKT,0
ID_BBNB7SXFCA,0
ID_69A9O0VQAQ,1
ID_JY1ASYR7JG,0
ID_UDQ2POMNWY,0
ID_9PEWXSEYGP,0
ID_JPYRRTSJRF,1
ID_E4YRUH75H5,1
ID_6NTMY567U1,0
ID_QKLIMU5ADQ,0
ID_VSIXWLSZP9,1
ID_PFKMX99KGH,0
ID_FY1QHG2M7W,0
ID_K8LO5FXWU2,0
ID_QJHX1CEN42,0
ID_U7OBOLZGG8,0
ID_JTI10KW4MD,1
ID_R462YZ7TGA,0
ID_33UO0SGS8H,0
ID_BGB0A5LY7F,0
ID_ECHX2U8NNM,0
ID_70I2MZH4KO,0
ID_K5LY22EZBL,0
ID_J61ZPA52ZH,0
ID_120L7LWZ3Z,1
ID_7361W1C69T,1
ID_ONUTFRZZS1,1
ID_49X12TK7PV,1
ID_QFWRNC6XKP,0
ID_Q1DK4T3BIC,0
ID_G2EYFK8CRS,0
ID_GFO566KX57,0
ID_MXFKGKXWEV,0
ID_HD3UG6DE7X,0
ID_SIAJWYEI1K,1
ID_FG4XJAG028,1
ID_U1ZP6LT82U,0
ID_XNW2UDMSLW,1
ID_VCFBRPH86I,0
ID_PTRPJOTXGQ,0
ID_A7WQ6XEJI7,0
ID_1QVV9QONB2,0
ID_4AMITNSXOQ,0
ID_NZDPWD71VP,1
ID_503B65UHWK,0
ID_MKRYVHHT5K,0
ID_NYJ8FHLO6B,0
ID_5RVA4XIJ1C,1
ID_0HIXQTTPL9,0
ID_92ML39K31Q,0
ID_RM68KLL311,1
ID_NUQLMGOIHI,0
ID_JCCNOPGC77,0
ID_ZL15W1YOX1,1
ID_5LJJPCTDNG,0
ID_B4KSSNUPNS,0
ID_TKQTBYVK2B,0
ID_VRKH26O6Z3,1
ID_0K5QLBGM71,0
ID_8TF9V9MRHW,0
ID_N1U8UDXZOM,1
ID_IL1NUNKITZ,0
ID_K4H4WIZPC6,0
ID_3R0VIMG52A,0
ID_6ICZRF2804,0
ID_Y6D56AV7WV,0
ID_9L0UOGOKS4,0
ID_5ZTU5C0WO1,0
ID_D7PSEMI4EP,0
ID_6XRU5QD5VU,0
ID_O2JN2S97OG,0
ID_SVC31AXP01,0
ID_34RPKS0CLK,0
ID_T855N6KEZ0,1
ID_E45MUL9G70,1
ID_0A0OKCIPL0,0
ID_4V2WJ9X713,1
ID_T5IGAPREOV,1
ID_WMBLLOZ2XF,0
ID_EAQEJPWXM7,0
ID_8SEWYMS1BY,0
ID_EPBHY3YFBS,1
ID_W2T4WR6IX0,0
ID_2X6VFFCYEJ,0
ID_CX1IR2K6GP,0
ID_HXCLU05U4K,0
ID_GCH58GGNWD,0
ID_IBASP1C7ED,0
ID_4Y9UFLKY2M,1
ID_ZQVX95BT7D,0
ID_BNXGBEJG1Y,1
ID_OSMWLE85WM,1
ID_7U4KC8TV2F,1
ID_32AAU0M2PD,0
ID_5CEH60622L,0
ID_MUBK20K7KJ,0
ID_ARHOSFRHIP,0
ID_O3S0PAP4G7,1
ID_GU4D63XGN3,0
ID_WJNFBY89FQ,0
ID_QTQPD9G409,1
ID_GTWLOAZGWS,0
ID_9VPAJ85SN3,0
ID_XFI79CV8AR,0
ID_YB87W3JHQC,0
ID_NDP9Y3A0YO,0
ID_B1CCSAWKP6,0
ID_AC6ZF75V9L,0
ID_VNRDLUT6SO,0
ID_VOVRVPZD4T,0
ID_ZT5USJGGW9,1
ID_KLGRBJVK18,0
ID_MORMMLLYU1,0
ID_C7FKPKP8PF,1
ID_CJ2IX58NB8,1
ID_DBMO3UXSIY,0
ID_F0139KMZJM,1
ID_U0UMW6Y1TO,0
ID_HVVX7TVKG9,0
ID_U6N1L9IU57,0
ID_O10GFBPTLR,0
ID_Z4NO02JJQ6,0
ID_3PT8EU9NNO,0
ID_5EWFTMNDVP,0
ID_4W5EI3KUGF,1
ID_3NTWZMJZM2,1
ID_H3SCNEJ9PK,0
ID_IZDND8KOQ2,0
ID_BN5ILCEDVP,1
ID_JGD2KYSUKH,0
ID_2ADRCVRTRV,0
ID_EWB8PXAY8P,0
ID_JL8YJ8FDTK,0
ID_KJ8HM2S65G,0
ID_9DA0PBZR16,0
ID_Q8JQVQFVV3,1
ID_KP414U798R,0
ID_8CIBYAC6HJ,0
ID_ZUQUIVMWC4,0
ID_8UT6EM0A0K,0
ID_23Y6Y42YEV,0
ID_9KDZB2VNU0,1
ID_5LLB5HHBZQ,0
ID_GNET2TX07N,0
ID_OC1F6JH4EU,0
ID_XP47G7UILA,0
ID_3RDDC008SU,0
ID_G76PHAAX27,0
ID_W13JVY7O8B,0
ID_7L6PABINLV,0
ID_780OJ6BG7H,0
ID_ODC3TSJ45O,0
ID_DVJNV8V2Y0,0
ID_OOZBWVPYUR,0
ID_VR3N3K22EP,0
ID_SH8DSR9VPE,0
ID_2OGCS79ZO3,0
ID_6SLMNUR2T2,0
ID_VKT4T44OJJ,0
ID_SMD5OOF3NL,0
ID_EJ9R14DGKJ,0
ID_YDJB87N2LA,0
ID_U74HVOFXKH,0
ID_N15T5SD013,0
ID_N28ZDA1CXI,0
ID_XZ96MXMH0R,0
ID_0JWMAJXR6M,0
ID_PH7RNZIK48,0
ID_YW5XVYMRW4,1
ID_YD9I1IWRWM,0
ID_TGKDB57VTA,0
ID_QJAMRPJN1B,0
ID_BGRLETMUTH,1
ID_4UOIM0H7DE,0
ID_TFIPIMBPXE,1
ID_HREH3RONU4,0
ID_QHB3DT685L,0
ID_55LCW2APSF,1
ID_NYBHL406WZ,0
ID_CFF9IUXY4F,0
ID_RQQ6YJPQ32,0
ID_6XIGF20M6U,0
ID_WN8DOSHXLS,1
ID_YFPKIHG4QQ,0
ID_ZGVG7KDZDG,0
ID_FFRAAR8ONF,0
ID_QNL3RVKAQT,0
ID_PEO0N5MEZU,0
ID_BSKZAECKAA,0
ID_W8JE7JX28S,0
ID_X0Q8QCG9DT,0
ID_VK6TRFANRL,0
ID_IOKHIK7HUL,1
ID_NUASSG9DM7,1
ID_I0936HQT4U,0
ID_0JTEMKTLNP,0
ID_DW9AQNL716,0
ID_ZY4BW9Z9KF,0
ID_F4PX6IUWTZ,0
ID_86D5DDWZHN,1
ID_V37XYET2AL,0
ID_UKGEEJBKRJ,0
ID_8VKO2R7U31,0
ID_LAQ3V8YTAC,0
ID_AFIQKCTK36,0
ID_Q41P3DUMLU,0
ID_GQWI5XZH26,1
ID_IIVJWL04IO,1
ID_9VKUSAFQ6Q,0
ID_US9UJGEZ8J,0
ID_40M0UPAOOU,0
ID_QKIPOKJNE0,1
ID_D8Z1NXPYAX,1
ID_D5YB5VPG4O,1
ID_Y9D8MFV6B9,1
ID_VV15GRP52T,0
ID_4LL9AR8UZ5,0
ID_E0CQ1GI285,0
ID_24SFG7WMKP,0
ID_1QI26084VW,0
ID_B29CZDYPD2,0
ID_CQ24REB71Q,0
ID_1VNW73A0DK,1
ID_6E80V6HRHZ,0
ID_O2157KMQMJ,0
ID_0W0U2QC4NN,0
ID_9HTRU3EFM3,1
ID_X9NM85BKIW,1
ID_SKE1WR3YQ2,1
ID_81SUBOT8EF,0
ID_JKFM3NZCQG,0
ID_4LV1U3E4UK,0
ID_BP1D0LRKLO,0
ID_X0W6A6NXJU,0
ID_MGXB07YUNN,1
ID_VC9XR1W9Q5,1
ID_94S2175H0P,0
ID_7YE5NOFKZN,0
ID_MIT4UA8TR6,0
ID_4U01258E8S,1
ID_V5T8MLLJZ7,0
ID_GCEB57K0MW,0
ID_3UM3TJ7HR0,0
ID_D1TP6QYNFZ,1
ID_MP96IAJIWP,0
ID_RK77VA3VRW,0
ID_Y6S3UTRYQH,0
ID_JB33LET2LV,0
ID_J5WI6IZSZ1,0
ID_GUAOE8DVO8,0
ID_3R3YYXVMYV,0
ID_YCN1PYTAHG,0
ID_SL474U6HDE,0
ID_EAB2NBZSPK,0
ID_9QJNRQW087,0
ID_1BDXTIC40D,0
ID_9D1LEU1YRM,0
ID_V1NMQXL5YP,1
ID_L9PFMCMUO5,0
ID_EM8UUE8LHD,0
ID_R3OPZ9NG99,1
ID_Y6IFZF0R22,0
ID_Q8R79KHO1S,1
ID_NZ7GWOCLL9,0
ID_8NHQVBEU6Q,0
ID_C65SAG6G90,1
ID_OOGDGO8RMJ,0
ID_X1Y0CIML1D,0
ID_QM5VTL94SO,1
ID_0AZU83T6QA,1
ID_U2DRZXMO5K,0
ID_W3Y1X0FUCM,0
ID_AXL3J49NEG,0
ID_9ZYOUDWDOK,0
ID_AGMD3NCHIX,0
ID_3L1ZY3VWSL,1
ID_13AVUP8G4V,1
ID_H841PS2BC8,0
ID_2DE75LFLJY,0
ID_9ISA9DQSVU,0
ID_C651P8TEYP,0
ID_821XIPSMZA,0
ID_SGD31MOE71,0
ID_12BNG4AHBW,1
ID_F8L01TV5U0,1
ID_L4WETTYIM2,0
ID_UKCA7SD5G9,1
ID_KG7UE40JAN,0
ID_04PP3HC3HF,1
ID_0ULHARBBGA,0
ID_GR58Z7UAZ8,0
ID_9PE6OXSECV,1
ID_V6NI99A9TP,0
ID_MZ4TJDM965,0
ID_W9WOC1J1P1,1
ID_49TH0V8W9R,0
ID_U479OBQVN7,0
ID_G0W7LD80DB,1
ID_0OT2UUXHXT,0
ID_25VPIE2DGW,0
ID_W6J306UONE,0
ID_3VLSXU8LAM,0
ID_97VXJ6I945,1
ID_B91BCPRWRL,0
ID_NECCDZP1GV,0
ID_G9G3GF6EJI,0
ID_389G9377BO,0
ID_3QLYOK6FF2,0
ID_4X692RTBW5,1
ID_C1TLATD7RG,0
ID_VM7I5UPB7H,0
ID_Y9D5VI6VSO,1
ID_U4XZ7V8OXR,1
ID_YKASIF4226,1
ID_9J6EVKLHIZ,0
ID_DGPQ7O0LS4,0
ID_M2W0G2NVN6,0
ID_HCOXF1H4X5,0
ID_EG0X6LEGVY,0
ID_O9PWOGYAHH,1
ID_A4FU30F7G6,0
ID_L6TO231Z9E,0
ID_RRHJBG5VY1,1
ID_MMAC2WOED2,0
ID_4ERZD3AVQG,1
ID_NDNY8OEFU1,0
ID_5G7P1FDOFV,0
ID_GQJKXUVHZO,0
ID_2UPS08PGK7,0
ID_4JER8YUC2F,0
ID_P2G4YOBEOU,0
ID_Q5KL4B1DKR,0
ID_VV97VWL5A7,0
ID_6QB69IJP9F,0
ID_0CF7C7T36C,1
ID_Q52UP5B9B8,0
ID_8K2RN3LXKJ,0
ID_K5Y92AR4IJ,0
ID_IH34NS8792,1
ID_NGLREKSJV4,0
ID_KO9BYGQBQK,1
ID_39NW95NB33,0
ID_A1TQNC9UAL,1
ID_9LWE9AUPY2,0
ID_0PAP8C0E6J,0
ID_V0A6ADD25H,0
ID_YU053U3K1O,0
ID_75OMZ594AX,0
ID_RUDKF2GH76,1
ID_VKQ18RTO89,1
ID_PZA9A5EMA9,1
ID_F7WFMPCEMU,0
ID_IF4M9X71K4,0
ID_7SMPS8N7ZD,0
ID_94CPFXUN02,0
ID_ST2POTEHGP,0
ID_SVO8SQJ5NP,1
ID_X7C19S30HC,1
ID_TA0LFUXVXW,0
ID_5EDLW7MI9J,1
ID_YHZPEIKMUD,1
ID_UUT4LMKWVO,0
ID_HRJ9GAJVMW,0
ID_KWN1PLWY5C,1
ID_YTETZHLR60,0
ID_4D83KMOSTZ,0
ID_MWPSZNAY1N,1
ID_AJNMN2W6G3,0
ID_6D0SYGF1N4,0
ID_RAL8CBN3EP,0
ID_R7LSS5025R,0
ID_FE4D6R68CX,0
ID_VJVFLR6FN3,0
ID_9H9I6P6A24,0
ID_BRYQOZ9YRG,0
ID_GCRIZ6067O,0
ID_FSVYAOMLMX,0
ID_PD3YMEQDQ0,1
ID_893TXOBLEL,0
ID_M0UBXIGAUD,0
ID_8ST73LCL5H,0
ID_HPDZJHKYA7,0
ID_F6ZCX5NWQO,0
ID_KF26XIYWLK,0
ID_6M5HOY3ZHP,0
ID_C7B8EAPMGB,0
ID_EZ0IEQBJX6,0
ID_QCY8C97L0B,1
ID_4HHRRQD11C,0
ID_KZZLOGFJ8S,0
ID_BYHY1634F9,0
ID_1ZTE5IMBG1,0
ID_3C2RUWAYYI,0
ID_9KGBP4US9W,1
ID_A1OJOIYQP3,0
ID_9UWHTOKQHU,1
ID_C6E6HPIYUD,0
ID_YLA6BSYW81,0
ID_WVQ7YHIZQG,1
ID_UD5F6A3X2U,0
ID_6TS9AEJUL0,0
ID_4D87RS0BDO,0
ID_BV902JEVKI,0
ID_392DS8L8E9,0
ID_MEPFFCOTUT,0
ID_2R4TJ407G8,0
ID_7MSWM1URQ8,1
ID_PAKDIFL6M5,1
ID_NPFSK395IZ,0
ID_X4NX2EG2V6,1
ID_8K5UYBX2RW,0
ID_4CFAUUKAVN,1
ID_OM1Z9EO9XD,0
ID_HJYI99MHNR,1
ID_RTUE37X7RN,0
ID_7NDEL49RSF,1
ID_JADH43ESMI,1
ID_JB5Q3GDLOS,1
ID_BLT9A0CE5U,0
ID_NM0XGTJ6S4,1
ID_UZQBAQYPHV,1
ID_DYOKOW3IZ5,0
ID_VKOWSBO5DB,0
ID_O1SPKD6FB1,0
ID_R3DEJ4OSWG,0
ID_7188X37TT5,1
ID_G9GR8BFH22,0
ID_XRIYJJCMLL,0
ID_PKHVX9XLI1,1
ID_6H4RQR01KO,1
ID_XVY35K2XC0,0
ID_UVK881DNEQ,0
ID_C8HO4HPMTS,1
ID_43WMK4XFGL,0
ID_V01U42Z42U,1
ID_MVRPC3A64M,1
ID_V41YE4R8RE,0
ID_UZX9AKGY86,1
ID_3VAPMYV2TL,1
ID_S7BPZUQ3R1,0
ID_Z77FPABCMF,0
ID_35E3JIK9Y3,1
ID_W1Y2G7XS3O,1
ID_7877VX36EJ,1
ID_JWBO7HU0K3,1
ID_8L3YTP95AN,0
ID_WRIEOZ620Z,0
ID_BE0EWFWNWU,0
ID_5RFBXWPCZI,0
ID_7W6PQINYCY,0
ID_30D87747O5,0
ID_R6757L1EOL,0
ID_0VLBHWIOJE,0
ID_4QL6ML09RF,0
ID_O18JJAORUN,1
ID_V6IKI9USVO,1
ID_IZ4OUWSD94,0
ID_0LSMYFH0A5,1
ID_GXNMZK6NP1,0
ID_4Z9W8NWISB,0
ID_F69GL8QSTJ,1
ID_KSYVOE2PFY,0
ID_RKV1AXTHAI,1
ID_LF2I1T4HEA,0
ID_UO6PIJONF5,0
ID_OTUR0F47K3,0
ID_5M2IWF1NP5,1
ID_YZPSRQ1M95,0
ID_8WOF2X23LJ,0
ID_LC0OZKA86O,1
ID_0GL42GVIBW,0
ID_7SI02LT9LG,0
ID_VB28ZSEWOX,0
ID_GFEUOWCKS9,0
ID_YPY8VKTP2T,0
ID_8R1FUQR5DL,0
ID_SI0X6TKDAZ,0
ID_4YX0GQ21PQ,1
ID_4XCZK9Y9ML,0
ID_UETVA4X9M3,1
ID_VY4UEC05L3,0
ID_T9OY32386O,0
ID_B5YUKV42F4,0
ID_Q7RFWEWPXB,0
ID_YB29M04UXH,0
ID_NQXG1TGQA3,0
ID_APP3EL3DUX,0
ID_H7VQOVHRPM,0
ID_DKLXSJ617R,0
ID_SVSDCF9Z3G,0
ID_4TQW4S60K1,1
ID_1Z85YKLCUR,0
ID_ZJ7TRC8PTV,0
ID_4FGTYZ859U,1
ID_MX3OZSJLU5,0
ID_RK5TV14DPZ,0
ID_KK3ATYSJSU,1
ID_Z9NY5LW5J5,1
ID_4EJMRVHJ6N,0
ID_1EPXRUUPD8,0
ID_40GQHR747B,1
ID_KLOPDE5ZDJ,0
ID_LS728OXXNA,1
ID_HR1QZ99VVL,0
ID_6HTADDNH5G,0
ID_HUWSTRP0SV,0
ID_CRWHM85EA4,0
ID_4LX4QW8TMD,1
ID_BUI0T49LHL,1
ID_9O7E6UUJ02,0
ID_7QT3ISMNB6,0
ID_3EAIY3KM1A,1
ID_ZDW8FOIVZG,0
ID_KK54P2B6NX,1
ID_68RHHJ38Y4,0
ID_1B0YY0SARD,0
ID_57BDMUJUQM,0
ID_YLFLRFY4XI,1
ID_4RS2IJHY0Z,0
ID_HSSP8JYZJ9,0
ID_UINB4CGFB1,0
ID_R3HKWQSGQK,0
ID_5LG1MO2AGI,0
ID_9SZTG2JIO7,0
ID_QO88LH7CQ4,0
ID_INVCWDJAIW,0
ID_EZWBHYRU0Q,0
ID_X37B9TGJFS,0
ID_QQLNCV65P6,0
ID_6PZUXESKAB,0
ID_RBAIK7J8YJ,1
ID_MYAJCN08JW,1
ID_QTN4HPJNHS,0
ID_JG35M96SAR,1
ID_FCQSE37FUG,0
ID_XDNRLLPSLT,1
ID_RNLYWX687Z,0
ID_XYYL6F6NPC,1
ID_IPY6ZZBWTY,0
ID_2OAOEEFKOM,1
ID_YCDY7JHOTC,1
ID_H7YJT78BLR,1
ID_EXX6ZW0FIX,1
ID_B3VZE9GIJD,0
ID_TOG4MMFPON,0
ID_CL0EI2DELB,0
ID_CDZG042S4L,0
ID_YKM338Q6HM,1
ID_6FIN6LNRYM,0
ID_0FYN1DJS6H,0
ID_23M58JCI4X,0
ID_X1YY57M3AY,0
ID_KJ2D1VSMFQ,1
ID_MJ8VVYI2AR,0
ID_LMHXHFKUN3,0
ID_VV2EDDLMO1,0
ID_ZRCWE3PCFA,0
ID_TIN43DYOUR,0
ID_JEUMZG7FF2,0
ID_MO3JAJ0J9D,0
ID_437WXIX059,1
ID_9JFVLOG242,0
ID_5E9UWH1P1V,1
ID_NMRXLCZ6GA,1
ID_HOXC30A74M,0
ID_VT5SH34X8O,0
ID_OYXGRERPQU,1
ID_G02R019D9G,1
ID_HLI1QFZC0G,0
ID_FUWDBBQNJV,0
ID_B10E3NBJ0J,1
ID_6TMD99K1BW,0
ID_6N8R3CPVSQ,1
ID_7FS4PRJ9H4,1
ID_XX642XQ7RX,0
ID_1YM0I0UHFY,0
ID_IXK9IXLY20,0
ID_PMWR21523F,1
ID_082B0ZXLZT,1
ID_PQKV67LZZF,0
ID_WHIP8XZHP3,0
ID_89KVK25QC8,1
ID_FPNM68DN77,0
ID_XEAA858JZC,0
ID_VCW672BDX6,1
ID_8RM5H0X6I2,0
ID_SJN1F809ZB,0
ID_JCOOR4ISOD,0
ID_6R6N5GN6EJ,0
ID_4LQAEIB72H,1
ID_H1RNYRA50Z,0
ID_3QXNLFLXJD,0
ID_I4CXH1AZTZ,0
ID_WVHQVYF6UC,0
ID_1BU7TM3DUW,1
ID_7IISRDYH6T,0
ID_FT3MQD75KG,0
ID_V5KEUHCA5E,1
ID_21JTBFH36V,1
ID_SPG7J1V81H,0
ID_6EGJ5VCDAX,1
ID_DOKO8SXLY5,0
ID_UFED4U64UJ,0
ID_CDD4ZWU511,0
ID_RRPOITOUX5,0
ID_HOAPR25NMI,0
ID_V1LUBZL49W,0
ID_0TVW357UMS,0
ID_VGI966OKZW,0
ID_GUKC9ZXBHY,0
ID_P3ELFR8UVW,0
ID_6EO6G74ZNE,1
ID_AQF7K0435M,1
ID_1MCDDX7BYA,0
ID_GERMX26DXZ,0
ID_2IZFGX7XLK,1
ID_BQVJL3YQ6O,0
ID_5UWWXJ68BI,0
ID_F5NNK2UYUZ,0
ID_FNVWGQ7HA1,0
ID_OCPNN5GCPE,0
ID_QP6FHWY9Z7,1
ID_YPAGI7WX2S,0
ID_VRCF9JNPU2,0
ID_8LLK6K5Y9Y,0
ID_05BCVMXBNE,0
ID_UII518NVN8,1
ID_CEWD6GLLFH,1
ID_E8NASAQJ2Q,0
ID_Y4PJZ2CXD1,1
ID_IQHM3AUY74,0
ID_0G8AEAUMK5,1
ID_VZ61MQAHCN,0
ID_82JRS3AR9N,0
ID_YXNUTEFIM0,0
ID_JO893P1ZS2,0
ID_6495GVPM4F,0
ID_3JRH6PKT3Z,0
ID_R8X8Z5SZ9W,0
ID_VICPF57WD3,0
ID_V1NVD8TR03,1
ID_OC921V8P5V,0
ID_YG76JGS0K0,0
ID_J7J47UN8HR,0
ID_F8UO0FGGQH,1
ID_L5UDMNDIDC,0
ID_KSXRH9CVHB,0
ID_GB8GXBMPOM,1
ID_XAQSB4BH8Y,0
ID_39LHBO47BW,0
ID_F3U97AXGRA,0
ID_A2ZFGAS2ML,0
ID_C08SZHAIVM,0
ID_VQEDM0KFTI,0
ID_2MXB4XPMR8,1
ID_3H57ONHRXB,0
ID_4QL55W530S,0
ID_CXX98PI83T,0
ID_HKO9XV6C6C,0
ID_7AG6TVL98U,0
ID_XVJOUVN359,0
ID_92NJ2AT0MD,1
ID_ZYTJ78I2G9,1
ID_JD47K92OV4,0
ID_5G3AR9F6DN,0
ID_NGYXWT7309,0
ID_IFF62VIOZR,0
ID_XDXQ5BOUH2,1
ID_R6BHT66AXO,1
ID_HIY6FTVAI7,0
ID_G9F0F8R5DP,0
ID_OYDJRSTQGH,0
ID_9FN3IMJ5RN,0
ID_47FVKGGTI4,0
ID_VB6SZZP0F4,0
ID_LZ8TUEFADO,1
ID_L4564FWY4T,0
ID_STT4LQOAGV,0
ID_TKXSUGMQGW,0
ID_AJQ19YL2JH,0
ID_6ELWB1MV70,0
ID_TDIJFC11JO,0
ID_3S49EFCDWC,1
ID_BNCAKDL8RC,0
ID_UUPTSC9SL4,0
ID_XOGYELRS28,1
ID_K0WD12IMKD,1
ID_XMVCUFJ7YA,0
ID_NOVND5USA9,1
ID_H009G3MWM8,0
ID_2OLBCPMMYI,1
ID_AU8JWKA5E6,1
ID_MEJN3WAFEH,0
ID_ITX8PG5BS5,0
ID_KC1WRW07T7,0
ID_V95A4DNLQG,0
ID_21VP4D8PQM,1
ID_3ZM9EETVVI,0
ID_4KWHP4LW7F,0
ID_FLCPKRLME6,1
ID_QK4QIR7X17,0
ID_C8QSMBIMX7,1
ID_MR7NCMOADL,1
ID_LCSXKMTP0E,0
ID_ULXLJ2UI9P,1
ID_CVPIRJD16T,0
ID_VI5RCY90NI,1
ID_ANK52AYFUM,0
ID_7U32TXHBDW,1
ID_ZDW4205JKO,0
ID_H8DLN61NFG,0
ID_V8VZJUU3LK,0
ID_NIH350MI8M,1
ID_BJIF1MVU1L,0
ID_S3U0W4L46M,0
ID_VUPPUV5KD4,0
ID_AL5ADSULS1,0
ID_D0CEQHTAH3,1
ID_TRJJGFODXI,0
ID_6B3KF9MKDX,1
ID_44HFGGEMN4,0
ID_9LCOBL168K,0
ID_FXQ6VG0591,0
ID_D7D7IHOI9B,0
ID_81EG0418LX,1
ID_KILLZ6BWCD,0
ID_61IX324HMV,0
ID_MGVVNQEMGX,1
ID_979LU83YII,0
ID_N454BEWHJN,1
ID_W9KORAJIPC,1
ID_OMPR2P1F7M,1
ID_97X47MEUC6,0
ID_QUQ0LQLD2E,0
ID_NLM1Z05WC4,0
ID_15S8K289M0,0
ID_BXEIGMY3PN,1
ID_0E7HD5TA39,1
ID_7P4JWHE7JM,0
ID_VCQW8M7607,1
ID_HSM3YJZXOS,1
ID_9KH1566KAQ,0
ID_QD21131F04,0
ID_L07G1SUIKQ,0
ID_XDXS3WB4W0,0
ID_5HRTCKB6NG,0
ID_1LOCV2I2Z6,0
ID_K0U6QAV8WE,0
ID_CLW3GCXJJC,0
ID_1ZOTK6VA1W,1
ID_R27MIGGJM9,0
ID_4GTJKWLHBK,0
ID_NFXS4XBUY9,0
ID_G9P5SEBHAD,0
ID_6M57NKDTLX,0
ID_UPQ46IZRC7,0
ID_IBP5EOHASS,0
ID_UIYPKCWYBB,0
ID_GSDWM22V83,0
ID_K2GF24BNUH,0
ID_IRW9762YE8,0
ID_Z0XUU4TAYJ,0
ID_2ZCWTIX6XG,1
ID_LKEA8MBRZY,1
ID_U94T80BPQ3,0
ID_79VXMO59NO,0
ID_JMAYPYSCGH,0
ID_KWJ0FTFHR9,0
ID_DAJ252JFEF,1
ID_XG3NVALK3H,1
ID_1CNVR05VL8,0
ID_KFY6ZH2CKO,0
ID_A8EBTJD3HM,0
ID_HHJTR8YIVC,0
ID_AU3NU36TZG,1
ID_WQSB572LL8,0
ID_4MM4B47JJT,0
ID_5EMWM59QSX,1
ID_R6FG4H6ECW,0
ID_PN3313HY2Y,0
ID_T7A91DBNQC,1
ID_HFCZGN720Y,0
ID_DLR87F8JQZ,0
ID_OG9OLT8BYF,0
ID_J48OYDVOJY,0
ID_D96B8E91F3,0
ID_CKPAB4VO2Z,1
ID_YOZ9TUNPDD,0
ID_AG0IAYRQID,0
ID_9HPA7Y0D1O,1
ID_4FVPP9BBL6,0
ID_VQNHOHI8AN,0
ID_N4IVECR08A,0
ID_4QHE1NBEFE,0
ID_N3QAJKLLBU,0
ID_JZ3HYSSYSR,0
ID_N9WTNGNJJ5,1
ID_CODWMQ8NX3,0
ID_Y6VPX8EMZA,1
ID_8Q3M7HO1W3,0
ID_EDVX37KNT2,0
ID_YOERQBHQK0,1
ID_MFBT9AATRG,0
ID_4XTVD0DDOC,1
ID_CO3LZ3MBC4,0
ID_U88E4YIP2O,1
ID_4SQ3GETBQS,0
ID_ZN04Q0BQAS,0
ID_U0XUH5TGXW,0
ID_17ST1MCZ0V,0
ID_D71Z6CY7KG,1
ID_BLEGTMR0TB,0
ID_I7AM8QUQMT,1
ID_WIY0ED2T8Q,1
ID_4BBUSNAVW9,1
ID_AB9SW5HCRM,0
ID_GMAX9P82CV,0
ID_FC4SZ0JRYP,1
ID_3CIBMDUE7T,1
ID_TJNQWS94NG,0
ID_TJLDWBFQYK,0
ID_45OVC6MZIF,1
ID_Y91IM6E9RN,0
ID_ZEF36C9LBA,0
ID_JAGWXMGRD4,0
ID_2A6096K3IT,0
ID_WESGNI20VI,1
ID_RNJ2EFY0RP,0
ID_XKZG5FA14E,1
ID_22BRBTO14K,0
ID_8WFYCU9CTV,0
ID_UNYZ9LE4BV,0
ID_E65PGMD6UP,0
ID_PKRV4G0X6F,0
ID_R4KU9AXCJ3,1
ID_Y5FAVLMS8Q,0
ID_6YCWK3293J,0
ID_9VQPXIGR05,0
ID_0MJ4OSM2PC,0
ID_5N5AP88F0J,0
ID_PN7PUE3600,0
ID_7ZLS6NNGNO,1
ID_0EYD47MPEV,1
ID_1E1W63YRAF,1
ID_416IJ45ILE,0
ID_L3O6P2JWDT,0
ID_WK3JS3YSRK,1
ID_D86CM32WLV,1
ID_EHB88Q3ZSB,0
ID_NKE7SMHYEG,0
ID_YBQ82OFE3V,0
ID_4G5CZIIJDA,0
ID_64LBN227U4,0
ID_NFWKX7KOHE,0
ID_V6V7867Z56,0
ID_ASFX0IJG9U,0
ID_NP31N7OAQ2,0
ID_G6NV2HXOJ4,0
ID_32U5JO1BX7,1
ID_874K40RFJ2,0
ID_LRU87P2J2F,1
ID_CRL0YT97U8,1
ID_614ZWQRWLX,0
ID_0SIMNK9XL7,0
ID_3012TTM70K,1
ID_L44MR3IIVI,0
ID_2W0G2BBULP,0
ID_BHJNYXXG3R,0
ID_90PCEW2AK8,1
ID_M7C7KBJ7NS,0
ID_IIOBCV02XP,1
ID_CR8940F8Y2,0
ID_NBKXBBYQV9,0
ID_DDAD4QMJ9A,0
ID_70SD0BP8YW,0
ID_ZIW2CQ6JFC,1
ID_LL7OTWB546,0
ID_AOJFW4N6SI,0
ID_027HOVSJEH,1
ID_RXLKGGERHR,0
ID_2E377RTTU2,0
ID_BTUPJ1YKPU,0
ID_9D63APUIZL,0
ID_NKTMBWVEFP,1
ID_W8PTWYR0YJ,0
ID_I02R8P7MTD,0
ID_7GAAL3CVAR,0
ID_SZS0YV2S1V,0
ID_E1D1XRIFQ1,0
ID_PWX9YRX8FY,1
ID_CR0POONSWF,0
ID_YNOEYS04GL,0
ID_MV6X0AHUGB,0
ID_P6RA6JXKIF,0
ID_U3981KHQS7,0
ID_GJEZB50M0V,1
ID_LHUVZLCXOC,0
ID_D91Y7WESZT,1
ID_2L6OW5DUI6,0
ID_P3DADYJMIT,0
ID_8Q5783VX3P,0
ID_ZSHUABGNW9,0
ID_8SFRD69X6G,0
ID_126TE8T062,1
ID_XI40MRZAL9,0
ID_AYEOYN63CV,0
ID_YA70WWXNOU,1
ID_I70QUFSHX9,0
ID_LXHC17YEB8,1
ID_8W5POG9SO1,0
ID_ZEK2H4T4M6,1
ID_O30IFLAR1R,0
ID_WWZVZ8MT22,1
ID_JWK97N3BLT,0
ID_L3P61O2RIK,0
ID_J3M9XG3ZQ4,0
ID_HUHCAR5XPS,0
ID_S326GIKI45,0
ID_MCM70B5BD9,0
ID_Y4LX2QCKJY,0
ID_07L8F9DU99,0
ID_4WSDW74D99,0
ID_NNE0OHX1HH,1
ID_QZAZZZGNYW,0
ID_YZ0EPHNLRQ,0
ID_IYPRP2TTVZ,0
ID_FFNVJCI1QE,0
ID_T6C34M5NXF,0
ID_UIZB668IIM,0
ID_0ZY3I9HR3S,0
ID_VQYGPZV9Z3,0
ID_ANAE338T4O,0
ID_ZMRPZVQM0O,0
ID_OCGLUEZOSG,0
ID_PE5JYHLU7K,0
ID_RBKKDOFZYB,0
ID_T3FTLRL1OG,1
ID_38L9I4WPT1,0
ID_W0RVR85XKO,1
ID_GO55NVE9JN,1
ID_2XHPG6CXUX,1
ID_O0M0S57DTF,0
ID_J0NZYKRNVE,0
ID_QXQVB3TFN6,0
ID_F3TMNH221L,0
ID_OG87NS9J99,0
ID_PWAVF8L94M,0
ID_LXFIK0NNDL,0
ID_9NNPMSAD0L,0
ID_57WOB2N2UQ,0
ID_9RMZ9XL71A,1
ID_Z0P7EGBX7M,1
ID_RD0IX5TBHB,1
ID_GQ8VU5RLQU,0
ID_GH1GHK4FHC,0
ID_EMYR0SKKHV,1
ID_9WI5KSOHFS,1
ID_SZJKIONYZO,0
ID_O07WPO2FWU,0
ID_TJOH2NOYXJ,0
ID_KSTF03E5HD,0
ID_OK8RDZ6JM8,0
ID_F2OILJ21OR,0
ID_6QKOCQR7V6,0
ID_ASXV2TBLQ7,0
ID_KWOXYTTRG8,0
ID_TENKYDK273,0
ID_A6VQQHUY25,0
ID_P1M4LK9SXU,0
ID_AV46QW7KPZ,0
ID_2AZUYJW1IT,0
ID_EWAMZ55T1L,0
ID_47FGLXU3AB,0
ID_HIA7H26W4L,0
ID_U1IMMWTH80,0
ID_98C1A5V2J0,1
ID_LUAY88653H,0
ID_371SE87JKC,0
ID_S2SZDIJRXQ,0
ID_WCWBNFJAS5,1
ID_GY23LWYNIX,0
ID_FBSILX2FLD,0
ID_IT0Q2LJ65Z,0
ID_K4QN6U4D99,0
ID_PB5VENXC1Y,0
ID_EOOK7AUMPE,0
ID_1X7ZZQEYGY,0
ID_KEQM8VLKIA,1
ID_9PJHS5MZ2B,0
ID_6GJFYDNYWK,0
ID_MYN1IY737N,0
ID_B17E1VB5DO,0
ID_A2LX7A7M8V,0
ID_3CRBDIJVWR,0
ID_W1XEOY9MIL,0
ID_PUAZTB1I8E,0
ID_5IUVOMMGGH,0
ID_GTK3C3XT3H,0
ID_E19IGOV8UC,1
ID_0YMOZTPI6C,0
ID_1FETX6KNRF,0
ID_GOKY0P011H,1
ID_DA7Y6B9HWR,0
ID_QMMD51REII,0
ID_Y8NI8GG7RR,0
ID_N64FSANA4I,0
ID_N0XJLZT0M8,0
ID_1KWQ5GR9OG,0
ID_Q3MF90EJ0D,0
ID_MKKXH1GVEA,0
ID_JFDP8MWDRI,0
ID_YGR65AMJWS,0
ID_HEM5HIBXD5,1
ID_XWV2YXUYLY,0
ID_663XNCL1XD,1
ID_XU993KN8T7,1
ID_KMFA5QBHXO,0
ID_C73YP3X0UJ,0
ID_IGRLLD2X5F,0
ID_GCYD5J169S,0
ID_6KVX4D2U61,0
ID_1YIWPPIXSE,0
ID_KD78JYXQ7B,0
ID_8XDVVBAO72,1
ID_1M2X7EE0A1,0
ID_O1JD3BK1QH,1
ID_9N1017NQUU,0
ID_8U2EYVW2R4,1
ID_SZO1FSB5LU,1
ID_AK8Q6HOLEV,0
ID_IXIRIZMRTI,0
ID_2XPML843ZM,0
ID_PF2UFNZJSR,0
ID_BJ4DD78FVZ,0
ID_IHSGKPFEUX,0
ID_A2ASNZ0SQH,0
ID_D5UTID77XP,1
ID_0ZU1LOVAYM,0
ID_BL5UJNEHNA,0
ID_ZELS1O7FTA,1
ID_QK7EF3UPUO,1
ID_WHEGIYT4QS,0
ID_MKDMTDCFF6,0
ID_GQGC38I8LA,0
ID_WVDH0NO8KN,0
ID_RHO1Q1TPA6,1
ID_GZE010H7A4,0
ID_E8PCSZWN31,1
ID_FCYRXNRRK2,0
ID_OT21AU01DZ,0
ID_7EEVJIBP6A,0
ID_XPHC975OGW,1
ID_7D8O8NYNW6,0
ID_UF9IBOO1TK,0
ID_D2RYCH01KO,1
ID_KJDT3B3G7T,1
ID_202PAY3QBB,0
ID_ZG2L9G2GD7,0
ID_BO01UX9S2J,1
ID_AUPVO5NR14,1
ID_AHN4TYSLHS,0
ID_EW7G1WK59V,1
ID_RKWMJT3YI3,1
ID_588YBHV1YW,1
ID_1QRSGYH6W1,0
ID_6L7D1BDZUX,0
ID_SMYKUQ32XM,1
ID_PWEHFINT2W,0
ID_VNFNUOT4MT,0
ID_6AAIZ4J9U5,0
ID_ZUGVRR70LK,0
ID_GYB3LIAPIO,0
ID_EA1W6V2XJN,0
ID_5W3CN17YVK,0
ID_TQY4KE0A5I,1
ID_ZHRAU3TTMI,1
ID_3F50IF6L9Q,1
ID_6RU4FXBJ4E,0
ID_1CEA9B2QWQ,1
ID_75ERK3M45W,0
ID_FN4XIN8CVA,0
ID_2IAVR9MIHO,0
ID_58XRVCZDJS,0
ID_4M5DDDJN69,1
ID_MHFA6QNNW5,0
ID_PZ1ACX6I4F,0
ID_EFWQYBBVLT,1
ID_V73YFNJK38,0
ID_5BSYJSLN4N,0
ID_O566ZA05DP,0
ID_LLX0EDH0LZ,1
ID_PJ9IBZM4FJ,0
ID_J8OIZD5CR9,0
ID_T2J18YEP1D,0
ID_L44207YTPF,0
ID_TOJS69O64F,0
ID_RK7KANOZ4L,0
ID_OAMCUL0ZZS,0
ID_549PGPEUYF,1
ID_NCQNP09PAH,0
ID_JPAKLABQX4,0
ID_V7A81EZAUB,0
ID_0BIN17Y0W2,0
ID_BQAI7DKOSX,0
ID_MBPMZN9ISJ,1
ID_QUIJGW2PWD,0
ID_NOBP33R0O6,0
ID_3FP3VTSEBE,1
ID_J01U5YB8ZO,1
ID_RL39AIJF5F,0
ID_JGPA1NYI9H,0
ID_0ZSVXLK3UO,0
ID_K5UQL4Q2Q2,0
ID_KTHI5Q2GTL,1
ID_0ME5KKCPHL,0
ID_CCXEFMNZ14,0
ID_E2M19SGB8Q,0
ID_NQ4OA6M6NH,0
ID_O9TXWR1UQR,1
ID_TUAB1SIEY8,0
ID_I07XG20E8C,0
ID_N76T3136I9,0
ID_B6BUEIWJIX,0
ID_XDHJ0DWF11,1
ID_FL8KT8YPTX,1
ID_0ZYVD9SR3R,1
ID_81F19SUX9E,0
ID_1UGJBZMQPE,0
ID_Q951QNB12I,1
ID_DCBO9ZEVRE,1
ID_Q33Q4Z1TKA,0
ID_J9ZMU6U5Z3,0
ID_I31YGCY99J,0
ID_6QVZ1KKVN8,1
ID_YCN5QVS9ZE,0
ID_R3D2RIHMT2,1
ID_10C5510VBG,0
ID_ASF3N7DM79,0
ID_W778UASIYG,1
ID_55Z9ITZRYW,0
ID_LY4A0UD0EC,0
ID_37P4NLZDHD,0
ID_X3RTWI7UNA,0
ID_8WUGT33AQZ,0
ID_KF57ISR7L6,0
ID_0LOKR0BG2M,0
ID_5DAAB6CTKT,0
ID_ZRHKG23443,1
ID_B5JVIK8LSS,0
ID_OJDJ9CWZMB,0
ID_81CETZXFKC,1
ID_2YLQ14FLOS,0
ID_KDNS2CHEBR,0
ID_Z2AT967SL3,0
ID_LXWBDIJIPP,0
ID_ZEXMCMHH2P,0
ID_09C5KG6W81,0
ID_BLCK5ET3ZG,0
ID_RJUV9SZAJS,0
ID_K79UMHEY2H,0
ID_1UO215AM80,0
ID_KHCBM8KWB6,0
ID_DMUBXG86NG,0
ID_JO00BI3G69,0
ID_WF6D51RTLS,0
ID_GIIUT60SQD,1
ID_89TYRRRK1X,1
ID_1IDDFCMR6Q,0
ID_9I8WD7RHIL,0
ID_QKSOPQU0XQ,0
ID_39683NQASW,0
ID_LMVLFWMF1B,0
ID_JU3DNJXQ4I,0
ID_Q09LBAC5C3,0
ID_19IP24G1X4,0
ID_KCTCI5D5C7,0
ID_7UYWO8PTRZ,0
ID_CN5STD3FTB,0
ID_XBX01TMIOT,1
ID_Q015IMYHKA,0
ID_8I3LBO1QIZ,0
ID_UNYZZVS0SY,0
ID_DGXODC8UTN,1
ID_9IH9FRHA8P,0
ID_NP43RLH0H8,0
ID_2Z9UZJCVM1,0
ID_T6J52E2DQN,0
ID_0FA7P7NF49,1
ID_34R74SDJ87,0
ID_5YRQ0EGPCF,0
ID_LRFQLXVSRC,1
ID_J6K5I19M5T,0
ID_FS735VTHE8,1
ID_SMTTK84RFJ,0
ID_8Z90VAKBHG,1
ID_V4WS68N01M,0
ID_89YVNE6P25,0
ID_CY6ROPKANO,0
ID_68N5CK9RYM,0
ID_JJY95QLC9Y,0
ID_NQYT5X1FLB,0
ID_WC765OUWYO,0
ID_SBFPRY05L0,1
ID_MG8K35P86I,0
ID_6AO41T7K6O,0
ID_NCNE7ZK15B,0
ID_KUL9IG2P67,0
ID_JLO30DC7RY,0
ID_L0DPTIR35G,1
ID_BBAY7HTP8S,1
ID_6PY39N25T8,1
ID_8QPAJ2A6DV,0
ID_FVQJX9DITN,1
ID_NIUQNYX9X1,1
ID_BXAL4FZTQP,0
ID_3XTQTVZVCX,0
ID_3MUDJ5KO62,0
ID_YPUB253VDN,1
ID_7XO1WYXFBF,0
ID_LXEIPKMYJV,0
ID_2GY6FG9SQ8,0
ID_QAK6YN3VJQ,0
ID_HF5FPHMKD0,0
ID_ICQ7SQV6RX,0
ID_580JNBL7JQ,0
ID_J872Q7KLS5,0
ID_JQDCRN9TH9,0
ID_R3JSEU9Z5R,0
ID_1NQLYRZTTR,0
ID_RDC290JMQJ,0
ID_SJ6PHAZG5Q,1
ID_21ZYR2099S,0
ID_8YTG6NN44R,0
ID_XEYEDLD3NG,0
ID_16N9FDXT09,0
ID_REHXEGSFWC,0
ID_W02Q6AGX22,0
ID_TSVN55JLXV,0
ID_2IHT27D1Z0,0
ID_ZB8R3LSWMN,1
ID_4MTI27O43P,0
ID_M4WUHC77MG,0
ID_WZ00DG0FD8,1
ID_0FLC2JXWX4,0
ID_PV58Y5EJR0,0
ID_CHZ4SGZU7W,1
ID_183V5GLPQO,1
ID_ZMI1LH1E41,0
ID_GKESY62FMA,0
ID_02WJDBW3FR,0
ID_17E6KDIEHC,0
ID_0AQ1J1GQKW,1
ID_QUYUHI89NI,0
ID_LXCUN5SGN4,0
ID_0XXWFX4ACZ,0
ID_MHKKVOFB5S,0
ID_0IXRR7FOLB,0
ID_HNFWKPE3PS,0
ID_6HX4JVNNOL,1
ID_16CGGRJXCQ,1
ID_63CK8Y1V2G,0
ID_VZCJOZ4SCF,1
ID_97URRCDDTJ,0
ID_LU0JO17SO1,0
ID_1UVE0Y0MX9,1
ID_UNUFB59GYI,0
ID_5HX6DNS8S2,0
ID_CAONQQIX2S,0
ID_7VI5YK9TLY,0
ID_0NV4AT2CYG,0
ID_PE9ST4YVVR,1
ID_EKZDSYF0X6,1
ID_97VVVUZJNJ,0
ID_YEDIX8AED6,1
ID_BP0AM910D3,0
ID_YMD66BZYX8,0
ID_7T51K1GL6Q,0
ID_BRBV9QFO81,0
ID_5Q6IO0TS6Y,0
ID_LIKHBZCJP2,1
ID_4BSXMZCZ9R,0
ID_77IVR8DHFH,0
ID_Z4EWBQFCMG,1
ID_43PL547KK1,0
ID_5HP7OLINRH,0
ID_OC7UPVCQV4,0
ID_UTBQ6GS9FZ,0
ID_ZE53THFPT8,0
ID_ASYCV0U064,0
ID_TBBBR51EWI,1
ID_6IC3CCHKY8,0
ID_KZW7G2NW0B,0
ID_GK3KTNVDD3,0
ID_AOS97PSPO5,0
ID_75T6CG80WY,0
ID_8PUWFW5S0D,1
ID_5I0NUIT5YO,0
ID_6PD72B98KI,0
ID_IADF32OMM8,0
ID_T1544250RY,0
ID_EL4M8YWFK0,1
ID_IDC9VQN0XI,1
ID_HOS2CDTF66,0
ID_KBNOX89F4T,1
ID_GNKIWDJKFH,0
ID_UBOTFI9RLA,0
ID_GU5BB07T7V,1
ID_SQG24UW6N4,0
ID_0O3SLJKCPV,1
ID_0DK0N5POQW,0
ID_1MYZYIIZDL,0
ID_JZ80EHLH5X,0
ID_6VK12MDQUD,0
ID_7W6Y7M6KE1,0
ID_V593G3LIQX,0
ID_2M10JUZ729,0
ID_W95UOAYLWE,0
ID_QI3YYDBGN8,1
ID_DD3F8RKG4K,0
ID_U5KKTNDLF1,0
ID_9CP5UEOI59,1
ID_9I97VOG14Z,0
ID_SQX2PQDV7X,0
ID_L80QZDZHRS,1
ID_BK8M7810HC,0
ID_HGRLFO7W37,1
ID_PFVMBYNF6N,0
ID_T0XEFTBO87,1
ID_RA9M2V6CX8,0
ID_VNJZFHWX6Q,0
ID_MSOHQDC0KQ,1
ID_IGU3EAQVM2,1
ID_PB88MYJH68,0
ID_B2SC4T9WFZ,0
ID_TW7LDQ7OK3,0
ID_R48UT9F01U,0
ID_DXXY7MWXIZ,1
ID_0334ZZQ8AZ,1
ID_LX43M4GG90,1
ID_8T2MPFUCVB,0
ID_6OJI4WS6V3,0
ID_XA81KCLJ7U,1
ID_T3NIIXE16C,1
ID_NNDIX1SD7R,0
ID_8327UQRR4M,0
ID_GBLF0S7UKY,0
ID_XM6H5MY60Q,0
ID_W9B75LOC4Z,0
ID_QPO5ZSEUXK,0
ID_EOFBQ7B4SW,0
ID_7YU5TMCBA7,0
ID_L3OL1ETTU6,0
ID_Y2V1F4FMP3,1
ID_XZ5BLRQLF9,0
ID_NRGZDLFFXQ,0
ID_JFKH8ARVL3,1
ID_7CVQ7M5YOS,0
ID_BE2RSDUHQ9,0
ID_AXJ2O5QB6U,0
ID_KADIC7ETC2,0
ID_61Y11I870Y,0
ID_D77XF2YQPM,0
ID_L9906O7CFF,0
ID_PPL25UX9DQ,0
ID_UWJN60P71Z,0
ID_DOC2ASM2WR,0
ID_QDAJ8NA600,0
ID_UGBH06QXWG,1
ID_3PYRC3ML1O,0
ID_J8OV8S71L1,0
ID_0EY9MOVT6I,1
ID_2OJQ9XPLTW,0
ID_T2BLZPMGQO,0
ID_KQ440FPT6Q,0
ID_0ZRC8704QZ,0
ID_MOMAWXYF95,0
ID_3JVBZ8Q4W3,0
ID_BRU8QQO57U,0
ID_2Y7A77UOOK,0
ID_ZTS0W6K2RU,0
ID_3CJDK8P6IR,0
ID_Z2LKL1YYQ4,0
ID_OTVO9XF35B,1
ID_VMKC6250GB,0
ID_M75MIASNZX,0
ID_IAN4XJ5GGZ,0
ID_6SAW0KEZFV,0
ID_E4RU0CHMEU,0
ID_D51DL5T7RM,0
ID_33L5XMFNC4,1
ID_ZTOB8OC2J4,0
ID_19BOZFE939,0
ID_GAN9UHKGXR,0
ID_IHHBVQA12G,0
ID_UJC83F9UGE,0
ID_IDOWYR5HGN,0
ID_IOX4PHH5SQ,0
ID_M2R1DXHBMN,1
ID_HJV8ZVMVDL,0
ID_QIFWSL1V4B,0
ID_NDYQFGDLRD,0
ID_ZU5725W2Z2,1
ID_I2OG28ZMR9,0
ID_ZJS37TXH9B,0
ID_FEZUJ0E5F7,0
ID_A7NMTU27ER,0
ID_Z27UNOEOJX,0
ID_PC2KXC6CAD,0
ID_S0FVQ2PCSY,1
ID_KKQ0X5HC6B,0
ID_YTMDNT2S1B,0
ID_WWGQTUQUVF,0
ID_QCBBF0S99Q,1
ID_HUSEWIB5W7,0
ID_AR3H8YV72Z,1
ID_P634PGBFCQ,0
ID_Y3SDS6QEK7,0
ID_S6FU7SWM79,0
ID_UA1LVO3RPK,0
ID_OZRQQBUXB9,0
ID_99ZL50V4UC,0
ID_VNO8ORAI1K,1
ID_X876CAUG90,0
ID_8JRBFK47IJ,0
ID_ZHUBZIWV59,0
ID_WG93RJSK54,0
ID_YO736VJHGR,0
ID_E98PTPQTSA,0
ID_TT8DLB87YB,0
ID_5FLZ09FACC,0
ID_NGF15S5RQM,0
ID_YFV4SW25JS,1
ID_PVG9FC926V,0
ID_SRN8JKSJIC,0
ID_JNDK2QOC2R,0
ID_78EPLKEHT2,1
ID_534CRGSQZT,0
ID_AL8EC05I5E,1
ID_C0Q11JP6QU,0
ID_XDWWQ136CY,0
ID_42K6TEIKY5,0
ID_Z1QULMYCP9,0
ID_G0SK75QHMB,0
ID_EG4Z40LF0U,1
ID_O4K8L10G4Z,0
ID_UITUXATMUY,0
ID_QS8NDABAGB,0
ID_6VH8EKQJ5A,1
ID_FP545UKX4P,0
ID_02PKCM91RW,1
ID_DXO5BN6KBW,0
ID_HQ7RELOM1P,0
ID_8U3ZA0QR0K,0
ID_BUEOYG1GPD,0
ID_7LJ1IT7220,0
ID_HQYF89N00Q,0
ID_RVZW1KEQKE,0
ID_DZDQ0GUXCH,0
ID_XCLCZKRACC,0
ID_9YFT9WHIW2,1
ID_3LB9SPF6MQ,1
ID_SDGJWLKWAK,1
ID_QBQLPLXQDR,0
ID_C6GYT3A9YL,0
ID_XPQQ54Q94L,0
ID_00KNQE8FD5,1
ID_W9Y943S404,0
ID_F50372K5D1,1
ID_F6UZL56GVD,0
ID_AV9SW01S89,0
ID_AZJLT39HUS,0
ID_T3TQBAHTY9,1
ID_OZ83GJIS3U,0
ID_V8M0U6FZ2C,0
ID_6TDIEIPQ1O,0
ID_W829HPSGEC,0
ID_K0Y51U94ZS,0
ID_5DT81KM7OG,0
ID_LPN3B7FUUY,0
ID_JDS2KE781F,0
ID_FKFVJA5M43,0
ID_1HHWY8UEOT,1
ID_E5Q8ZXBRK6,1
ID_R2DBWVXU9B,1
ID_GTCPADDWPA,0
ID_09L3SRGD8Z,0
ID_ELKIQ1TQ1V,1
ID_YNFETD6ZPC,1
ID_7WT08AGL6O,0
ID_PCQ368RP4N,0
ID_U0AGHRLQFR,0
ID_IG5YTPF9CN,0
ID_SUZNLKSM9L,1
ID_8GBUPJB7RZ,0
ID_NF4T6HBDJD,0
ID_36PAPNUL9Z,0
ID_8FQA3YEDLV,1
ID_L59X07JNYJ,1
ID_70B2HNJ87P,0
ID_8TAO6OY5KF,0
ID_I9SG4VPPZQ,0
ID_73IR57M9Q7,0
ID_AHPZTAD3RL,0
ID_1R7YCNW072,0
ID_K403KA1CWA,0
ID_YWRPLHC2HC,0
ID_LIK8P07QAK,0
ID_V37GHFSRAN,0
ID_C96JP0N1OH,0
ID_74FGZQ5QIV,1
ID_VZN2ZVJKIQ,0
ID_74DGSPMOP9,1
ID_PGAWHEXT4U,1
ID_VB392HQV94,0
ID_9JPJ908H2C,1
ID_J46DCNUQ7W,1
ID_WDVIDDEFCY,0
ID_RPVHLX9W32,0
ID_AUTTIW47Y2,0
ID_VPK8XM7UJP,0
ID_LHHIGH8GS1,0
ID_JBNH0E3BYD,0
ID_JOB6SMA224,0
ID_UNEXBN8YNK,0
ID_0IMP5UU368,0
ID_MNQREDK78Q,1
ID_VO88UMFW05,1
ID_76G07GLGX3,0
ID_4H33RF4NE5,0
ID_6987O0YDKG,0
ID_W86OK4LJ29,0
ID_0N09537X9V,0
ID_J4BMCEWWOV,0
ID_XOXMIRGJHA,0
ID_DILNSG5Q5D,0
ID_4TAGRTYMZR,0
ID_T47LZSVLDX,0
ID_Q6RKE7KQSL,0
ID_MHKKWO7IRG,0
ID_KPA16M02EP,0
ID_UX4EEBT3ZP,0
ID_FMF4GHA4QB,1
ID_8I1T8BYF2Q,1
ID_BNT071KJIQ,0
ID_WXUYBVZ9H5,1
ID_15Q3DACGA5,0
ID_1F0FRNKQTH,0
ID_458165W9XS,0
ID_HX1F9XZ365,1
ID_58TJDE584J,0
ID_SN5191VC4I,0
ID_K2MAVHBMCB,1
ID_0D94HWS3OQ,1
ID_TW1P62BOZ2,0
ID_Z1ELOPHZ08,0
ID_SZW7F46OMN,0
ID_PMEVOL9SUT,1
ID_4P2QGW2JRM,0
ID_4CY9MOR688,0
ID_TC9GH2YYPZ,1
ID_1VWRZB2EKK,0
ID_E3NY9YM06Q,0
ID_WZQ3OL046N,0
ID_FD1W2QTZT0,1
ID_49M50VPZ6H,0
ID_G8FSREMU4E,0
ID_3AHSLI8K2M,0
ID_FPH6WMJ0U7,0
ID_KXFO3X741D,0
ID_Z878E5USG5,0
ID_0J0K8V2QJD,0
ID_PA3GJB505Q,0
ID_9KQ01B8WNE,0
ID_7TE1B4IXSV,0
ID_YCBZ68CVO9,0
ID_KP8JJCWQVF,0
ID_0LTXD1CVYE,0
ID_E06AHXRZZM,0
ID_LRB6J0WFYT,1
ID_YOZEOPLPTE,0
ID_1O0OEGVSC7,1
ID_AAIWHS3ESR,0
ID_FWM0VPN2V6,0
ID_N9LDBM3OOF,0
ID_RRPTAVTV2F,0
ID_3YWWPYD32J,0
ID_LI4SZ86NBO,0
ID_FWTC37SZZ7,0
ID_09DKVTUIFN,1
ID_HYJ4D6UZOD,0
ID_K2LP0Q211Z,0
ID_582D9M8M52,0
ID_51DQOL4S9N,0
ID_4IELHFZAFK,0
ID_EF5TPNVF7Y,0
ID_41ZWICP0P8,0
ID_F6VS8FU9VW,1
ID_CE7QGYFB3X,0
ID_J2FN8M8YWJ,1
ID_9UGG7O9Q1N,1
ID_B1MML4ZFSB,1
ID_44XDQ680PS,0
ID_UNGZWVWUOT,0
ID_1G1GBLVNEL,0
ID_YEIQW3J8NE,0
ID_V48OFQF5H2,0
ID_YZRA0MP4MG,0
ID_P6S6CY0FML,1
ID_RRFF87CQ2Y,0
ID_HJMP4FDOR1,0
ID_N3DJZC1IC8,0
ID_POHBUE7OAZ,0
ID_85MQH4HCW0,0
ID_7UBAVJN0YJ,0
ID_9QFBAQZFJT,0
ID_9H1FI3OREA,1
ID_T7D0AU1YHI,1
ID_VL6K3XAUY6,0
ID_6L85MOLUKX,0
ID_GN6FG3QMSV,0
ID_GVEND9MA5J,1
ID_MTVKO05TUH,0
ID_GBIFKWBSRO,1
ID_O05TI4TLH7,0
ID_36XLY3TLT0,1
ID_JV1PHEQVF1,0
ID_6OQRR880C2,0
ID_UTJHCETCTG,1
ID_UABQHOKCMX,0
ID_QZUN5TLU6M,1
ID_SRNOWJF4S5,0
ID_8XYGBKCSFN,1
ID_57NYIBAAA7,0
ID_6UNMR43HM3,0
ID_RPI9AN646F,1
ID_6NUQBTJEFM,0
ID_MX99IUAQG7,0
ID_LCEKGBMPI5,0
ID_N7PS7YWGNT,0
ID_LSKA7H3EKN,0
ID_ZFM7HAS2DW,1
ID_23Z58KC0EY,0
ID_HIG52XTBO5,0
ID_AJO25KUAL2,0
ID_0IYQB7JM3D,0
ID_YLR6V7L6WR,0
ID_Q8SH0VHEFA,0
ID_PIPGUA5S5R,0
ID_LG73Z93WUN,0
ID_GY8QIVR7OY,0
ID_UYV58B47TZ,0
ID_7ETO5HMBHS,0
ID_E8XFSWSHEW,0
ID_51QQDS0290,0
ID_JD9D25CLPV,0
ID_PAWIH292SB,0
ID_EMPXLFEHRN,0
ID_437MU86JLQ,0
ID_TMGB3DFDLX,0
ID_S2ZV4BHNN5,1
